url,status
https://mentalshop.ru/skate/podveski/podveski-og-trucks-blackgreen.html,NEW
https://mentalshop.ru/skate/komplekt/,NEW
https://mentalshop.ru/snow/snouskeyty/snouskejt-ambition-jib-red-2022.html,NEW
https://mentalshop.ru/about_us.html,NEW
https://mentalshop.ru/skate/shkurka/shkurka-magamaev-peak.html,NEW
https://mentalshop.ru/skate/shkurka/shkurka-dipgrip-camo-atomic.html,NEW
https://mentalshop.ru/skate/klyuch-silver-premium-raw.html,NEW
https://mentalshop.ru/skate/vinty/vinty-dlya-skejta-five-glossy-new-1.html,NEW
https://mentalshop.ru/aksessuary/kepka-lost-rocker-classic-snapback-black.html,NEW
https://mentalshop.ru/aksessuary/noski/noski-mogzy-korotkie-fuck-white.html,NEW
https://mentalshop.ru/skate/komplekt/skejtbord-v-sbore-all-time-sunset-80.html,NEW
https://mentalshop.ru/aksessuary/kepka-flexfit-6533-purpule.html,NEW
https://mentalshop.ru/antisocial.html,NEW
https://mentalshop.ru/aksessuary/ochki-eyelevel-glastonbury-blue.html,NEW
https://mentalshop.ru/skate/doski-deki/deka-all-time-classic-boner-boy-green.html,NEW
https://mentalshop.ru/skate/doski-deki/deka-magamaev-jingan.html,NEW
https://mentalshop.ru/aksessuary/ryukzak-dakine-urbn-mission-pack-22l-lead-blue.html,NEW
https://mentalshop.ru/aksessuary/shapka-footwork-fold-limelight.html,NEW
https://mentalshop.ru/skeiterskie-kedy/klej-dlya-obuvi-shoe-goo-1094ml-black.html,NEW
https://mentalshop.ru/how2.html,NEW
https://mentalshop.ru/aksessuary/kepka-flexfit-6007-navy.html,NEW
https://mentalshop.ru/aksessuary/kepki/kepka-footwork-heritage-dark-grey.html,NEW
https://mentalshop.ru/skate/podveski/podveski-dlya-skejtborda-theeve-csx-zattoni-sailor.html,NEW
https://mentalshop.ru/aksessuary/shapki-3/beanie-shapka-les-ff-fold-carolina-blue.html,NEW
https://mentalshop.ru/aksessuary/nakolenniki-footprint-tourmaline-knee-sleeve.html,NEW
https://mentalshop.ru/aksessuary/ochki-eyelevel-michelle-tortoiseshell.html,NEW
https://mentalshop.ru/skate/doski-deki/deka-footwork-2022-progress-tushev-fisheye-yellowblack.html,NEW
https://mentalshop.ru/aksessuary/shapka-footwork-street-black-1.html,NEW
https://mentalshop.ru/minilogo.html,NEW
https://mentalshop.ru/aksessuary/finger-snouskejt-2-36h104-1.html,NEW
https://mentalshop.ru/skate/doski-deki/deka-footwork-carbon-waves.html,NEW
https://mentalshop.ru/skate/vinty/vinty-bro-stuff-black.html,NEW
https://mentalshop.ru/aksessuary/sharf-truba-footwork-hoop-burgundy.html,NEW
https://mentalshop.ru/aksessuary/bels-remni/remen-horsefeathers-idol-belt-olive.html,NEW
https://mentalshop.ru/aksessuary/kepki/kepka-footwork-palms-charcoal.html,NEW
https://mentalshop.ru/aksessuary/kepka-flexfit-6005fw-no-foam-trucker-redwhiteblack.html,NEW
https://mentalshop.ru/aksessuary/kepka-flexfit-6007-navy-footwork-icon.html,NEW
https://mentalshop.ru/aksessuary/shapka-les-lesok-siniy.html,NEW
https://mentalshop.ru/aksessuary/kepka-flexfit-6606-retro-trucker-pink.html,NEW
https://mentalshop.ru/skate/chehol-dlya-skeytborda-transfer-pro-oranzhevyy.html,NEW
https://mentalshop.ru/skeiterskie-kedy/stelki/stelki-footprint-kingfoam-flat-beach.html,NEW
https://mentalshop.ru/skate/kolyosa/kolesa-blurs-eloise-dorr-conical.html,NEW
https://mentalshop.ru/skate/komplekt/skejtbord-v-sbore-footwork-universe-8-x-315.html,NEW
https://mentalshop.ru/snow/detskoe/perchatkivarezhki-2/,NEW
https://mentalshop.ru/skate/komplekt/skejtbord-v-sbore-footwork-t-rex-8125-x-315.html,NEW
https://mentalshop.ru/aksessuary/noski/noski-horsefeathers-jayden-black.html,NEW
https://mentalshop.ru/longboards-and-cruisers/podveski-dla-longboarda/,NEW
https://mentalshop.ru/solid_urethane_wheels.html,NEW
https://mentalshop.ru/snow/mittens/,NEW
https://mentalshop.ru/aksessuary/sumka-na-poyas-transfer-small-pack-blackblack.html,NEW
https://mentalshop.ru/snow/snowboards/snoubord-only-imagination-145cm.html,NEW
https://mentalshop.ru/aksessuary/shapki-3/,NEW
https://mentalshop.ru/aksessuary/noski/noski-mogzy-pingviny.html,NEW
https://mentalshop.ru/skate/shlem-los-raketos-ataka-matt-marine.html,NEW
https://mentalshop.ru/skate/kolyosa/kolesa-solid-sound-wheel-52-mm-conical.html,NEW
https://mentalshop.ru/aksessuary/kepka-detskaya-flexfit-6308j-white.html,NEW
https://mentalshop.ru/skate/komplekt/skejtbord-v-sbore-footwork-tropical-8-x-315.html,NEW
https://mentalshop.ru/skate/novye-postupleniya-1/deka-mental-white-8125-grip.html,NEW
https://mentalshop.ru/aksessuary/ochki-eyelevel-nashville-black-red.html,NEW
https://mentalshop.ru/boardak.html,NEW
https://mentalshop.ru/skate/vinty/nabor-dlya-skejta-five-big-black-1.html,NEW
https://mentalshop.ru/skate/vinty/gaiki-na-osi-dlya-skejta-five-gold.html,NEW
https://mentalshop.ru/aksessuary/shapka-footwork-fold-blaze-orange.html,NEW
https://mentalshop.ru/aksessuary/kepka-transfer-jockey-tiger-camo.html,NEW
https://mentalshop.ru/aksessuary/shapka-footwork-street-light-grey-heather-1.html,NEW
https://mentalshop.ru/aksessuary/kepka-flexfit-6089mt-royal-orange.html,NEW
https://mentalshop.ru/skate/doski-deki/deka-all-time-boner-boy-black.html,NEW
https://mentalshop.ru/aksessuary/shapka-footwork-party-latte-heather.html,NEW
https://mentalshop.ru/aksessuary/kepki/kepka-footwork-icon-pink.html,NEW
https://mentalshop.ru/snow/maski/gornolyzhnaya-maska-vizzo-affect-blue-ionized-white-frame.html,NEW
https://mentalshop.ru/skate/komplekt/skejtbord-v-sbore-footwork-raptors-8125.html,NEW
https://mentalshop.ru/skate/kolyosa/,NEW
https://mentalshop.ru/slackers-skateboards.html,NEW
https://mentalshop.ru/odezhda/sweaters/svitshot-dislabel-reflektivnaya-polosa-zheltyj.html,NEW
https://mentalshop.ru/aksessuary/ochki-eyelevel-spencer-parker-black-wood.html,NEW
https://mentalshop.ru/oplata.html,NEW
https://mentalshop.ru/skate/bambino-blue.html,NEW
https://mentalshop.ru/aksessuary/ochki-eyelevel-salisbury-green.html,NEW
https://mentalshop.ru/skeiterskie-kedy/stelki/stelki-footprint-kingfoam-orthotics-skeleton-black.html,NEW
https://mentalshop.ru/aksessuary/ochki-eyelevel-passion-black.html,NEW
https://mentalshop.ru/aksessuary/shapka-footwork-fold-haunter-green.html,NEW
https://mentalshop.ru/prokatlongbordov.html,NEW
https://mentalshop.ru/thunder.html,NEW
https://mentalshop.ru/skate/vinty-dlya-skejta-footwork-shiny-green.html,NEW
https://mentalshop.ru/neff.html,NEW
https://mentalshop.ru/skate/shkurka-pushca-yellow.html,NEW
https://mentalshop.ru/aksessuary/kepka-flexfit-6320-royal.html,NEW
https://mentalshop.ru/aksessuary/kepki/kepka-footwork-quadro-maroon.html,NEW
https://mentalshop.ru/odezhda/sale-3/,NEW
https://mentalshop.ru/aksessuary/kepka-deskaya-flexfit-6245pt-yellow.html,NEW
https://mentalshop.ru/snow/snouskeyty/shkurka-dlya-snouskejta-ambition-prism-studded-grip.html,NEW
https://mentalshop.ru/skate/amortizatory-footwork-hard-black-100a.html,NEW
https://mentalshop.ru/aksessuary/fingerpark/fingerpark-pars-kicker-7x5-sm.html,NEW
https://mentalshop.ru/skate/kolyosa/kolesa-footwork-filthy-orange-54mm-85a.html,NEW
https://mentalshop.ru/skate/shkurka/shkurka-dipgrip-paisley-black.html,NEW
https://mentalshop.ru/skate/doski-deki/deka-footwork-progress-blur-wine.html,NEW
https://mentalshop.ru/skeiterskie-kedy/stelki/stelki-footprint-kingfoam-orthotics-christy-prior-1.html,NEW
https://mentalshop.ru/skate/detskij-komplekt-zashity-los-raketos-lrc-002.html,NEW
https://mentalshop.ru/skate/kolyosa/kolesa-solid-sound-wheel-53-mm-classic.html,NEW
https://mentalshop.ru/skate/zashita-dlya-skeitboarda/komplekt-zashity-los-raketos-lrc-001-r-b.html,NEW
https://mentalshop.ru/skate/doski-deki/deka-footwork-2022-classic-logo-navy.html,NEW
https://mentalshop.ru/aksessuary/rykzak-transfer-stealth-reflective.html,NEW
https://mentalshop.ru/skate/shkurka-jessup-nike-ultra-nbd-multicolor-shoe.html,NEW
https://mentalshop.ru/skate/podveski/podveski-og-blackgrey.html,NEW
https://mentalshop.ru/skate/doski-deki/deka-all-time-weeds.html,NEW
https://mentalshop.ru/odezhda/futbolka-antisocial-molotov-white.html,NEW
https://mentalshop.ru/skeiterskie-kedy/stelki/stelki-footprint-gamechangers-lite-will-barras.html,NEW
https://mentalshop.ru/mob-grip.html,NEW
https://mentalshop.ru/aksessuary/kepka-flexfit-6089-navy.html,NEW
https://mentalshop.ru/aksessuary/kepka-flexfit-6005fw-trucker-redwhiteblack.html,NEW
https://mentalshop.ru/informaciya-dlya-partnerov.html,NEW
https://mentalshop.ru/snow/maski/,NEW
https://mentalshop.ru/aksessuary/sumka-na-poyas-transfer-small-pack-brownblack.html,NEW
https://mentalshop.ru/aksessuary/ochki-eyelevel-michelle-brown.html,NEW
https://mentalshop.ru/skate/kolesa-footwork-swirl-purple-54-mm-99a.html,NEW
https://mentalshop.ru/odezhda/vetrovki-anoraki/kurtka-dislabel-windbreaker-grey-white.html,NEW
https://mentalshop.ru/aksessuary/noski/noski-mogzy-balaklava.html,NEW
https://mentalshop.ru/skate/board-rails/,NEW
https://mentalshop.ru/aksessuary/kepki/kepka-footwork-east-round-camo.html,NEW
https://mentalshop.ru/skate/chehol-dlya-skeytborda-transfer-pro-khaki.html,NEW
https://mentalshop.ru/skate/doski-deki/deka-mental-skateboards-kanadka-tiffani.html,NEW
https://mentalshop.ru/horsefeathers.html,NEW
https://mentalshop.ru/aksessuary/muzhskie-aksessuary/shapka-les-ff-daily-kelly-1.html,NEW
https://mentalshop.ru/odezhda/kenguru/kenguru-antisocial-molotov-black.html,NEW
https://mentalshop.ru/dipgrip.html,NEW
https://mentalshop.ru/skate/chehol-dlya-skejtborda-footwork-deckbag-safety-yellow.html,NEW
https://mentalshop.ru/snow/snouskeyty/,NEW
https://mentalshop.ru/skate/vinty/gajki-na-os-five-bronze.html,NEW
https://mentalshop.ru/skate/vinty/shajby-dlya-skejta-five-gold.html,NEW
https://mentalshop.ru/aksessuary/kepki-detskie/,NEW
https://mentalshop.ru/aksessuary/shkurka-dlya-fingerborda-riptape-mc.html,NEW
https://mentalshop.ru/brendi.html,NEW
https://mentalshop.ru/skeiterskie-kedy/,NEW
https://mentalshop.ru/aksessuary/kepki/kepka-flexfit-curved-visor-snapback-navy.html,NEW
https://mentalshop.ru/skate/podveski/komplekt-podvesok-footwork-label-purpraw.html,NEW
https://mentalshop.ru/aksessuary/shapki-3/beanie-shapka-les-ff-fold-royal.html,NEW
https://mentalshop.ru/snow/snouskeyty/snouskejt-ambition-2022-team-green.html,NEW
https://mentalshop.ru/skate/zashita-dlya-skeitboarda/detskij-komplekt-zashity-los-raketos-lrc-003-multi.html,NEW
https://mentalshop.ru/skate/doski-deki/deka-footwork-2022-progress-summit.html,NEW
https://mentalshop.ru/skate/deka-mental-skateboards-black-825-2022.html,NEW
https://mentalshop.ru/skate/bolts-vinti-shakejunt-allen-1.html,NEW
https://mentalshop.ru/aksessuary/ochki-eyelevel-charlotte-brown.html,NEW
https://mentalshop.ru/aksessuary/kepka-flexfit-6089mt-navy-red.html,NEW
https://mentalshop.ru/aksessuary/shapka-footwork-fold-brown.html,NEW
https://mentalshop.ru/skate/komplekt/skejtbord-v-sbore-footwork-scorpion-8-x-315.html,NEW
https://mentalshop.ru/odezhda/futbolka-antisocial-reflective-logo-20-black.html,NEW
https://mentalshop.ru/skate/podveski/podveski-dlya-skejtborda-theeve-csx-anniversary-raw.html,NEW
https://mentalshop.ru/odezhda/svitshot-namma-og.html,NEW
https://mentalshop.ru/aksessuary/shapki-3/shapka-transfer-ff-fold-navy.html,NEW
https://mentalshop.ru/skate/amortizatory-footwork-medium-white-95a.html,NEW
https://mentalshop.ru/skate/podshipniki-fkd-swiss-gold.html,NEW
https://mentalshop.ru/aksessuary/kepka-flexfit-6005ff-trucker-all-mesh-black.html,NEW
https://mentalshop.ru/skate/podshipniki-fkd-pro-bearings-greg-lutzka-2019.html,NEW
https://mentalshop.ru/skate/kolyosa/kolesa-pacific-sb-54mm.html,NEW
https://mentalshop.ru/skate/kolyosa/kolesa-pacific-pushka-52mm.html,NEW
https://mentalshop.ru/odezhda/futbolki/futbolka-antisocial-camera-logo-white.html,NEW
https://mentalshop.ru/odezhda/kenguru/kenguru-vox-cortified-grey.html,NEW
https://mentalshop.ru/aksessuary/fingerboards/fingerbord-systeam-game-fingers.html,NEW
https://mentalshop.ru/skate/shkurka/lastik-enjoi-wonder-rub.html,NEW
https://mentalshop.ru/skeiterskie-kedy/stelki/stelki-footprint-kingfoam-flat-jaws-zombie.html,NEW
https://mentalshop.ru/skate/doski-deki/deka-footwork-2022-progress-birds-wine.html,NEW
https://mentalshop.ru/aksessuary/fingerbord-techdeck-primitive-1.html,NEW
https://mentalshop.ru/odezhda/kenguru/kenguru-dislabel-reflektivnaya-polosa-chernyj.html,NEW
https://mentalshop.ru/skate/chehli/,NEW
https://mentalshop.ru/parazita-kusok.html,NEW
https://mentalshop.ru/index.php?route=product/manufacturer/info&manufacturer_id=140,NEW
https://mentalshop.ru/aksessuary/ochki-eyelevel-orlando-purple.html,NEW
https://mentalshop.ru/odezhda/vetrovki-anoraki/kurtka-dislabel-mesh-fioletoviy-purple.html,NEW
https://mentalshop.ru/snow/snowboardbags/chehol-dlya-snouborda-na-kolesah-start-elbrus-165.html,NEW
https://mentalshop.ru/skate/shkurka/shkurka-pacific-pacifik-pushka.html,NEW
https://mentalshop.ru/snow/jackets/,NEW
https://mentalshop.ru/skate/amortizatory/amortizatory-independent-cylinder-cushions-super-hard-96a-ye.html,NEW
https://mentalshop.ru/aksessuary/kepka-detskaya-flexfit-6308j-royal.html,NEW
https://mentalshop.ru/skeiterskie-kedy/stelki/stelki-footprint-kingfoam-flat-joey-brezinsky-burrito.html,NEW
https://mentalshop.ru/skate/podveski/trucks-podveski-thunder-tm-.html,NEW
https://mentalshop.ru/skeiterskie-kedy/stelki/stelki-footprint-gamechangers-christy-prior.html,NEW
https://mentalshop.ru/aksessuary/shapka-footwork-champ-beige.html,NEW
https://mentalshop.ru/skate/chehol-dlya-skejtborda-footwork-deckbag-black.html,NEW
https://mentalshop.ru/snow/maski/gornolyzhnaya-maska-vizzo-affect-gold-ionized-mirror-white-f.html,NEW
https://mentalshop.ru/aksessuary/shapka-les-all-day-nebo.html,NEW
https://mentalshop.ru/skate/shkurka-dipgrip-floral-three.html,NEW
https://mentalshop.ru/aksessuary/kepki/kepka-footwork-quadro-khaki.html,NEW
https://mentalshop.ru/aksessuary/sumka-na-poyas-transfer-small-pack-greyblack.html,NEW
https://mentalshop.ru/aksessuary/kepka-transfer-classic-snapback-grey-v2.html,NEW
https://mentalshop.ru/aksessuary/kepka-footwork-trademark-2-navy.html,NEW
https://mentalshop.ru/skate/podshipniki-dlya-skateborda/podshipniki-pacific-pcfc.html,NEW
https://mentalshop.ru/aksessuary/ochki-eyelevel-libbie-grey.html,NEW
https://mentalshop.ru/index.php?route=product/manufacturer/info&manufacturer_id=103,NEW
https://mentalshop.ru/aksessuary/shapka-footwork-street-black.html,NEW
https://mentalshop.ru/skate/shkurka/shkurka-dipgrip-tie-dye.html,NEW
https://mentalshop.ru/aksessuary/kepka-detskaya-flexfit-6308j-navy.html,NEW
https://mentalshop.ru/skate/chehol-dlya-skeytborda-transfer-pro-black.html,NEW
https://mentalshop.ru/longboards-and-cruisers/vinti-dlya-longboarda/,NEW
https://mentalshop.ru/skate/shkurka/shkurka-dipgrip-mary.html,NEW
https://mentalshop.ru/odezhda/kurtki-4/parka-zimnyaya-footwork-dark-navy.html,NEW
https://mentalshop.ru/skate/podveski/podveski-dlya-skejtborda-theeve-csx-lee-ralph-foot.html,NEW
https://mentalshop.ru/skate/doski-deki/deka-magamaev-x-five-hardware.html,NEW
https://mentalshop.ru/aksessuary/ochki-eyelevel-spencer-brown.html,NEW
https://mentalshop.ru/aksessuary/kniga-s-naklejkami-follow-russia-2.html,NEW
https://mentalshop.ru/aksessuary/noski/noski-mogzy-fuck-white.html,NEW
https://mentalshop.ru/aksessuary/shapka-footwork-street-grey-heather-1.html,NEW
https://mentalshop.ru/odezhda/futbolki/futbolka-antisocial-stripe-blue.html,NEW
https://mentalshop.ru/aksessuary/ryukzak-dakine-campus-m-25l-dark-olive-dobby.html,NEW
https://mentalshop.ru/aksessuary/noski/noski-mogzy-haski.html,NEW
https://mentalshop.ru/aksessuary/kepka-footwork-mainline-snepbek.html,NEW
https://mentalshop.ru/skate/mini-skateboard/skejtbord-v-sbore-detskij-footwork-owl-mid.html,NEW
https://mentalshop.ru/skate/gajki-na-king-pin-five-silver.html,NEW
https://mentalshop.ru/aksessuary/shapka-footwork-fold-navy.html,NEW
https://mentalshop.ru/skate/detskij-komplekt-zashity-los-raketos-lrs-004-militarywhite.html,NEW
https://mentalshop.ru/skate/chehol-dlya-skejtborda-bro-stuff-black-camo.html,NEW
https://mentalshop.ru/skate/shkurka/shkurka-magamaev-script.html,NEW
https://mentalshop.ru/skate/doski-deki/deka-mental-skateboards-white-8125.html,NEW
https://mentalshop.ru/aksessuary/rukzak-transfer-all-day-black-camo.html,NEW
https://mentalshop.ru/aksessuary/kepki/kepka-footwork-sochi-navy.html,NEW
https://mentalshop.ru/aksessuary/muzhskie-aksessuary/beanie-shapka-les-ff-pom-pon-charcoal.html,NEW
https://mentalshop.ru/aksessuary/shapki-3/shapka-neff-form-slime.html,NEW
https://mentalshop.ru/longboards-and-cruisers/griptape-longboards-46-11.html,NEW
https://mentalshop.ru/skate/doski-deki/deka-footwork-carbon-owl-attack.html,NEW
https://mentalshop.ru/aksessuary/kepka-footwork-heritage-navy-red.html,NEW
https://mentalshop.ru/aksessuary/kepka-flexfit-6005ff-trucker-royal.html,NEW
https://mentalshop.ru/skate/kolyosa/kolesa-solid-line-wheel-classic.html,NEW
https://mentalshop.ru/skate/shkurka/shkurka-dipgrip-green.html,NEW
https://mentalshop.ru/index.php?route=product/manufacturer/info&manufacturer_id=150,NEW
https://mentalshop.ru/aksessuary/brelok-stalnoj-vx-1000.html,NEW
https://mentalshop.ru/skate/shkurka/shkurka-footwork-mark.html,NEW
https://mentalshop.ru/longboards-and-cruisers/shkurka-eastcoast-aloha-razmer-40x10.html,NEW
https://mentalshop.ru/aksessuary/nabor-fingerbordov-techdeck-2021-skateshop-bonus-pack-real.html,NEW
https://mentalshop.ru/odezhda/futbolki/,NEW
https://mentalshop.ru/skate/shkurka/shkurka-dipgrip-paisley-violet.html,NEW
https://mentalshop.ru/skate/shkurka/shkurka-dipgrip-delusion.html,NEW
https://mentalshop.ru/aksessuary/kepka-flexfit-6005fw-no-foam-trucker-redwhitered.html,NEW
https://mentalshop.ru/skate/shkurka/shkurka-magamaev-art-pack.html,NEW
https://mentalshop.ru/odezhda/kofta-windheads-khaki.html,NEW
https://mentalshop.ru/aksessuary/panama-footwork-mainline-khaki.html,NEW
https://mentalshop.ru/skate/gajki-na-os-five-blue-.html,NEW
https://mentalshop.ru/skate/doski-deki/deka-mental-skateboards-black-825.html,NEW
https://mentalshop.ru/aksessuary/ochki-detskie-eyelevel-millie-yellow.html,NEW
https://mentalshop.ru/skate/ataka-black.html,NEW
https://mentalshop.ru/snow/snouskeyty/snouskejt-ambition-2022-pro-manson.html,NEW
https://mentalshop.ru/skate/vinty/gajki-na-os-five-burgundy.html,NEW
https://mentalshop.ru/mogzy_socks.html,NEW
https://mentalshop.ru/skate/doski-deki/deka-footwork-progress-wood-yellow.html,NEW
https://mentalshop.ru/skeiterskie-kedy/klej-dlya-obuvi-shoe-goo-53ml-clear.html,NEW
https://mentalshop.ru/skate/chehol-dlya-skeytborda-transfer-am-navy.html,NEW
https://mentalshop.ru/odezhda/sweaters/svitshot-antisocial-stripe-black.html,NEW
https://mentalshop.ru/skate/doski-deki/deka-magamaev-yellow-blocks.html,NEW
https://mentalshop.ru/skate/chehol-dlya-skejtborda-transfer-am-orange.html,NEW
https://mentalshop.ru/skate/doski-deki/deka-footwork-2022-progress-tushev-1000.html,NEW
https://mentalshop.ru/aksessuary/shapka-footwork-lucky-2-dark-navy.html,NEW
https://mentalshop.ru/skate/shkurka/shkurka-magamaev-mm-check.html,NEW
https://mentalshop.ru/skate/amortizatory/podkladki-independent-18-red.html,NEW
https://mentalshop.ru/skate/kolyosa/kolesa-footwork-basic-sidecut-100a.html,NEW
https://mentalshop.ru/skate/doski-deki/deka-footwork-progress-raptors.html,NEW
https://mentalshop.ru/aksessuary/shapki-3/shapka-neff-daily-stripes-tennis.html,NEW
https://mentalshop.ru/skate/chehol-dlya-skeytborda-transfer-am-haki.html,NEW
https://mentalshop.ru/skate/vinty/gajki-na-os-five-dark-blue.html,NEW
https://mentalshop.ru/aksessuary/kepka-flexfit-5089m-dark-grey.html,NEW
https://mentalshop.ru/skate/podshipniki-dlya-skateborda/podshipniki-pacific-pushka.html,NEW
https://mentalshop.ru/skate/vinty/gajki-na-os-five-silver.html,NEW
https://mentalshop.ru/skate/shkurka/shkurka-pacific-redhead.html,NEW
https://mentalshop.ru/aksessuary/kepka-transfer-classic-snapback-royal-2.html,NEW
https://mentalshop.ru/skate/deka-doggod-s.html,NEW
https://mentalshop.ru/aksessuary/bels-remni/remen-horsefeathers-idol-belt-all-black.html,NEW
https://mentalshop.ru/skate/doski-deki/deka-footwork-progress-rings.html,NEW
https://mentalshop.ru/skate/chehol-dlya-skejtborda-transfer-am-grey.html,NEW
https://mentalshop.ru/skate/nabor-dlya-skejta-five-big-gold-1.html,NEW
https://mentalshop.ru/skate/deka-mental-skateboards-grey-80-2022.html,NEW
https://mentalshop.ru/skate/chehol-dlya-skejtborda-transfer-am-black.html,NEW
https://mentalshop.ru/skate/komplekt/skejtbord-v-sbore-footwork-rock-8125-x-31625.html,NEW
https://mentalshop.ru/aksessuary/ochki-neff-magnum-yellow.html,NEW
https://mentalshop.ru/skate/doski-deki/deka-all-time-tie-dye-purple.html,NEW
https://mentalshop.ru/aksessuary/shapki-3/shapka-transfer-ff-fold-black.html,NEW
https://mentalshop.ru/longboards-and-cruisers/kruizer-eastcoast-flamingo-27-x-825.html,NEW
https://mentalshop.ru/aksessuary/ochki-detskie-eyelevel-millie-pink.html,NEW
https://mentalshop.ru/aksessuary/kepka-flexfit-6005ff-trucker-all-mesh-white.html,NEW
https://mentalshop.ru/snow/snouskeyty/snouskejt-ambition-2022-team-blue.html,NEW
https://mentalshop.ru/skate/chehol-dlya-skejtborda-bro-stuff-blue-grey.html,NEW
https://mentalshop.ru/skate/podshipniki-dgk-benjamins.html,NEW
https://mentalshop.ru/aksessuary/noski/noski-horsefeathers-delete-3pack-black.html,NEW
https://mentalshop.ru/skate/shkurka/shkurka-dipgrip-white-grass.html,NEW
https://mentalshop.ru/skate/podshipniki-mosaic-super1-pro-madars-apse.html,NEW
https://mentalshop.ru/aksessuary/fingerpark/fingerpark-pars-p-table-verh-iz-beloj-plitki.html,NEW
https://mentalshop.ru/start.html,NEW
https://mentalshop.ru/skate/shlem-los-raketos-ataka-soft-orange.html,NEW
https://mentalshop.ru/skate/podveski/podveski-dlya-skejtborda-theeve-csx-hinge-ivy.html,NEW
https://mentalshop.ru/aksessuary/ochki-eyelevel-peyton-rose.html,NEW
https://mentalshop.ru/skate/chehol-dlya-skejtborda-footwork-deckbag-navy.html,NEW
https://mentalshop.ru/skate/shkurka/shkurka-pacific-blank.html,NEW
https://mentalshop.ru/skate/vosk-dgk-wax-green.html,NEW
https://mentalshop.ru/nomad.html,NEW
https://mentalshop.ru/odezhda/kurtki-4/parka-zimnyaya-footwork-amut-silver.html,NEW
https://mentalshop.ru/skate/vinty/vinty-dlya-skejta-independent-allen-hardware-1-black.html,NEW
https://mentalshop.ru/aksessuary/kepka-flexfit-6089m-royal.html,NEW
https://mentalshop.ru/aksessuary/kepka-footwork-box-logo-flexfit-navy.html,NEW
https://mentalshop.ru/aksessuary/kepki/kepka-footwork-classic-f-black.html,NEW
https://mentalshop.ru/skate/shkurka-pushca-diecut.html,NEW
https://mentalshop.ru/aksessuary/kepka-detskaya-flexfit-6308b-spruce.html,NEW
https://mentalshop.ru/skate/ryukzaki-dlya-skeyta/,NEW
https://mentalshop.ru/og-skateboards.html,NEW
https://mentalshop.ru/odezhda/vetrovki-anoraki/kurtka-antisocial-coach-jacket-navy.html,NEW
https://mentalshop.ru/index.php?route=product/manufacturer/info&manufacturer_id=138,NEW
https://mentalshop.ru/aksessuary/shapka-footwork-street-light-grey-heather.html,NEW
https://mentalshop.ru/skate/vinty/gajki-na-os-five-purple.html,NEW
https://mentalshop.ru/skate/doski-deki/deka-magamaev-huaihai.html,NEW
https://mentalshop.ru/skate/shkurka-jessup-x-nike-infinity-multicolor.html,NEW
https://mentalshop.ru/aksessuary/shapka-footwork-fisherman-dark-denim.html,NEW
https://mentalshop.ru/skate/doski-deki/deka-footwork-progress-helix.html,NEW
https://mentalshop.ru/aksessuary/ochki-eyelevel-mirage-tortoiseshell.html,NEW
https://mentalshop.ru/skate/doski-deki/deka-footwork-2022-progress-cindy.html,NEW
https://mentalshop.ru/aksessuary/kepka-detskaya-flexfit-6308b-white.html,NEW
https://mentalshop.ru/bones_bearings.html,NEW
https://mentalshop.ru/skate/vosk-dgk-wax-blue.html,NEW
https://mentalshop.ru/skate/podveski/podveski-dlya-skejtborda-theeve-csx-nick-palmquist-neon-ligh.html,NEW
https://mentalshop.ru/aksessuary/kepki/kepka-footwork-icon-camo.html,NEW
https://mentalshop.ru/aksessuary/fingerbord-pars-komplekt-pro-exotic-3.html,NEW
https://mentalshop.ru/odezhda/kenguru/kenguru-lakai-ballpark2-heather-grey.html,NEW
https://mentalshop.ru/skate/vinty/gajki-na-os-five-gold-2.html,NEW
https://mentalshop.ru/skate/shkurka/shkurka-dipgrip-check-pink.html,NEW
https://mentalshop.ru/doggod.html,NEW
https://mentalshop.ru/aksessuary/shapka-footwork-high-grade-black.html,NEW
https://mentalshop.ru/skate/podshipniki-blurs-titanium-g.html,NEW
https://mentalshop.ru/odezhda/pants-jeans/jeans-enzyme.html,NEW
https://mentalshop.ru/aksessuary/kepka-detskaya-flexfit-6245cmj-light-blue.html,NEW
https://mentalshop.ru/skate/kolesa-bro-stuff-colored-52mm-100a.html,NEW
https://mentalshop.ru/skate/shkurka/shkurka-dipgrip-paradise.html,NEW
https://mentalshop.ru/skate/shkurka/shkurka-dlya-skeita-pushca-griptape-black.html,NEW
https://mentalshop.ru/skate/shlem-los-raketos-bambino-black.html,NEW
https://mentalshop.ru/skate/doski-deki/,NEW
https://mentalshop.ru/longboards-and-cruisers/chehol-dlya-longborda-transfer-sunset-greyblack.html,NEW
https://mentalshop.ru/return.html,NEW
https://mentalshop.ru/skate/chehol-dlya-skeytborda-transfer-pro-brown.html,NEW
https://mentalshop.ru/aksessuary/ochki-eyelevel-mirage-toni-black.html,NEW
https://mentalshop.ru/odezhda/futbolki/futbolka-antisocial-classic-white.html,NEW
https://mentalshop.ru/skate/novye-postupleniya-1/vinty-s-instrumentom-independent-phillips-hardware-1-redblac.html,NEW
https://mentalshop.ru/snow/gloves/,NEW
https://mentalshop.ru/aksessuary/kepki/kepka-footwork-east-round-black.html,NEW
https://mentalshop.ru/skate/gajki-na-os-five-multi.html,NEW
https://mentalshop.ru/skate/doski-deki/deka-footwork-progress-evo-pinkblack.html,NEW
https://mentalshop.ru/aksessuary/shapka-footwork-street-dark-denim.html,NEW
https://mentalshop.ru/skate/kluchi/klyuch-five-tools-black.html,NEW
https://mentalshop.ru/skate/komplekt/skejtbord-v-sbore-footwork-bubble-8-x-315.html,NEW
https://mentalshop.ru/skate/skejt-konstruktor-black.html,NEW
https://mentalshop.ru/skate/podveski/komplekt-podvesok-footwork-label-redblack.html,NEW
https://mentalshop.ru/skate/shkurka-pushca-pink.html,NEW
https://mentalshop.ru/aksessuary/noski/noski-mogzy-avokado.html,NEW
https://mentalshop.ru/aksessuary/kepki/kepka-footwork-icon-stone.html,NEW
https://mentalshop.ru/skate/deka-family-skateboards-d.html,NEW
https://mentalshop.ru/odezhda/futbolka-neff-the-beast-white.html,NEW
https://mentalshop.ru/aksessuary/shapka-footwork-fold-black.html,NEW
https://mentalshop.ru/skate/doski-deki/deka-footwork-progress-bubble.html,NEW
https://mentalshop.ru/skate/shkurka/shkurka-dipgrip-camo-tricolor.html,NEW
https://mentalshop.ru/skate/nabor-dlya-skejta-five-big-sky-blue-new.html,NEW
https://mentalshop.ru/skate/shkurka-magamaev-big-m.html,NEW
https://mentalshop.ru/mad-socks.html,NEW
https://mentalshop.ru/skate/podveski-original-trucks-co-blackkhaki.html,NEW
https://mentalshop.ru/skate/komplekt/skejtbord-v-sbore-footwork-brontosaurs-825-x-3175.html,NEW
https://mentalshop.ru/aksessuary/fingerpark/fingerpark-pars-p-table-derevyannyj-zelenyj-verh.html,NEW
https://mentalshop.ru/aksessuary/ochki-eyelevel-harley-pink.html,NEW
https://mentalshop.ru/skate/doski-deki/deka-footwork-progress-wood-black.html,NEW
https://mentalshop.ru/skeiterskie-kedy/stelki/stelki-footprint-gamechangers-lite-camo-white.html,NEW
https://mentalshop.ru/odezhda/sweaters/svitshot-antisocial-camera-logo-black.html,NEW
https://mentalshop.ru/aksessuary/fingerpark/fingerpark-pars-ultimate-fun-box-bold.html,NEW
https://mentalshop.ru/skate/komplekt-zashity-los-raketos-004.html,NEW
https://mentalshop.ru/aksessuary/balans-board-shaka.html,NEW
https://mentalshop.ru/skate/podveski/podveski-dlya-skejtborda-theeve-csx-beau-hinge-flower.html,NEW
https://mentalshop.ru/aksessuary/fingerpark/,NEW
https://mentalshop.ru/aksessuary/shapka-les-dude-nebobelyykrasnyy.html,NEW
https://mentalshop.ru/skate/doski-deki/deka-footwork-progress-ion.html,NEW
https://mentalshop.ru/aksessuary/mentalshop-pina.html,NEW
https://mentalshop.ru/skate/kolesa-footwork-lx-silver-51-52-mm-60d.html,NEW
https://mentalshop.ru/skate/shkurka/shkurka-magamaev-arch.html,NEW
https://mentalshop.ru/transfer_bags.html,NEW
https://mentalshop.ru/aksessuary/ochki-eyelevel-howard-black-blue.html,NEW
https://mentalshop.ru/skate/vinty-dlya-skejta-five-glossy-1-new.html,NEW
https://mentalshop.ru/aksessuary/remen-osiris-punch-black.html,NEW
https://mentalshop.ru/aksessuary/kepka-transfer-classic-snapback-grey-heather.html,NEW
https://mentalshop.ru/skate/shkurka/shkurka-dipgrip-pink.html,NEW
https://mentalshop.ru/skate/doski-deki/deka-passenger-markel-andronov-pro.html,NEW
https://mentalshop.ru/skate/deka-family-skateboards-red.html,NEW
https://mentalshop.ru/aksessuary/kepka-flexfit-6245cm-pink.html,NEW
https://mentalshop.ru/skate/amortizatory/amortizatory-independent-conical-cushions-hard-92a-black.html,NEW
https://mentalshop.ru/aksessuary/shapka-footwork-fisherman-light-grey-melange.html,NEW
https://mentalshop.ru/skate/podshipniki-dlya-skateborda/podshipniki-blurs-abec-7.html,NEW
https://mentalshop.ru/skate/kluchi/klyuch-five-tools-yellow.html,NEW
https://mentalshop.ru/snow/snouskeyty/snouskejt-ambition-2022-pro-oakes.html,NEW
https://mentalshop.ru/aksessuary/shapka-footwork-street-light-oatmeal-heather-1.html,NEW
https://mentalshop.ru/aksessuary/shapka-footwork-lucky-2-light-gray-melange.html,NEW
https://mentalshop.ru/skate/podshipniki-dlya-skateborda/podshipniki-footwork-blank.html,NEW
https://mentalshop.ru/skate/klyuch-silver-premium-white-blue.html,NEW
https://mentalshop.ru/aksessuary/ochki-eyelevel-harley-black.html,NEW
https://mentalshop.ru/skate/podshipniki-mosaic-super0-abec5.html,NEW
https://mentalshop.ru/odezhda/kurtki-4/parka-zimnya-footwork-dealer-black.html,NEW
https://mentalshop.ru/skate/zashita-dlya-skeitboarda/detskij-komplekt-zashity-los-raketos-lrc-003-orange.html,NEW
https://mentalshop.ru/skate/kolyosa/kolesa-blurs-lucas-beaufort-conical.html,NEW
https://mentalshop.ru/skate/podshipniki-dlya-skateborda/podshipniki-family-team-abec-5-1.html,NEW
https://mentalshop.ru/snow/snouskeyty/snouskejt-ambition-jib-series-blue-snowskate-2022.html,NEW
https://mentalshop.ru/aksessuary/kepki/kepka-footwork-footworld-navy.html,NEW
https://mentalshop.ru/longboards-and-cruisers/komplekt-koles-eastcoast-shelby-yellow-70-h-52-mm.html,NEW
https://mentalshop.ru/aksessuary/ochki-eyelevel-rocco-black.html,NEW
https://mentalshop.ru/skate/klyuch-silver-premium-black-green.html,NEW
https://mentalshop.ru/skate/komplekt/skejtbord-mental-skateboards-white-8125.html,NEW
https://mentalshop.ru/skate/podshipniki-dlya-skateborda/podshipniki-blurs-x-leon-karssen-titanium-black.html,NEW
https://mentalshop.ru/skate/podshipniki-mosaic-x-skatemafia-super1.html,NEW
https://mentalshop.ru/odezhda/futbolki/futbolka-antisocial-basic-purple.html,NEW
https://mentalshop.ru/skate/chehli/chehol-start-dlya-kruizera-22-1.html,NEW
https://mentalshop.ru/aksessuary/muzhskie-aksessuary/beanie-shapka-les-ff-daily-baby-pink.html,NEW
https://mentalshop.ru/aksessuary/shapka-footwork-high-grade-green.html,NEW
https://mentalshop.ru/aksessuary/kepka-flexfit-5089m-white.html,NEW
https://mentalshop.ru/skate/klyuch-bro-stuff-t-obraznyj-zelyonyj.html,NEW
https://mentalshop.ru/aksessuary/shapki-3/beanie-shapka-les-ff-fold-baby-pink.html,NEW
https://mentalshop.ru/skate/podshipniki-solid-line-bearings.html,NEW
https://mentalshop.ru/snow/snouskeyty/snouskejt-ambition-2022-team-red.html,NEW
https://mentalshop.ru/longboards-and-cruisers/chehol-dlya-longborda-transfer-sunset-blackgrey.html,NEW
https://mentalshop.ru/odezhda/kenguru/,NEW
https://mentalshop.ru/snow/maski/gornolyzhnaya-maska-vizzo-affect-green-mirror-yellow-frame.html,NEW
https://mentalshop.ru/odezhda/pants-jeans/sportivnye-shtany-basic-black.html,NEW
https://mentalshop.ru/skate/vinty/,NEW
https://mentalshop.ru/aksessuary/muzhskie-aksessuary/beanie-shapka-les-ff-daily-royal.html,NEW
https://mentalshop.ru/skate/podkladki-dlya-longborda-eastcoast-6mm.html,NEW
https://mentalshop.ru/skate/chehol-dlya-skeyta-transfer-rookie-new-logo-black.html,NEW
https://mentalshop.ru/skate/vinty/vinty-dlya-skejta-independent-phillips-hardware-125-black.html,NEW
https://mentalshop.ru/skate/podveski/podveski-dlya-skejtborda-theeve-csx-rawraw.html,NEW
https://mentalshop.ru/skate/doski-deki/deka-magamaev-x-boris.html,NEW
https://mentalshop.ru/odezhda/kurtki-4/kurtka-footwork-alaska-black.html,NEW
https://mentalshop.ru/aksessuary/panama-transfer-ff-navy.html,NEW
https://mentalshop.ru/odezhda/kurtki-4/parka-zimnyaya-footwork-alaska-army.html,NEW
https://mentalshop.ru/skate/vinty/vinty-dlya-skejta-five-mate-1.html,NEW
https://mentalshop.ru/skate/doski-deki/deka-footwork-2022-progress-bubble.html,NEW
https://mentalshop.ru/aksessuary/noski/noski-mogzy-lyagushka.html,NEW
https://mentalshop.ru/skate/podshipniki-dlya-skateborda/podshipniki-independent-gp-s.html,NEW
https://mentalshop.ru/skate/podshipniki-dlya-skateborda/podshipniki-bones-reds.html,NEW
https://mentalshop.ru/skate/shkurka-pushca-navy.html,NEW
https://mentalshop.ru/aksessuary/ryukzak-neff-scholar-phar.html,NEW
https://mentalshop.ru/aksessuary/kepka-lost-rocker-baseball-black.html,NEW
https://mentalshop.ru/aksessuary/kepki/kepka-footwork-icon-diamond-blue.html,NEW
https://mentalshop.ru/aksessuary/ochki-detskie-eyelevel-peace-multi.html,NEW
https://mentalshop.ru/odezhda/futbolka-eastcoast-drop-tail-athletic-heather.html,NEW
https://mentalshop.ru/skate/doski-deki/deka-all-time-roygbiv.html,NEW
https://mentalshop.ru/aksessuary/noski/noski-mogzy-balaklava-1.html,NEW
https://mentalshop.ru/aksessuary/fingerboards/fingerbord-systeam-foxy.html,NEW
https://mentalshop.ru/aksessuary/noski/noski-horsefeathers-delete-premium-3pack-white.html,NEW
https://mentalshop.ru/aksessuary/kepka-detskaya-flexfit-6277y-gold.html,NEW
https://mentalshop.ru/odezhda/kurtki-4/parka-zimnyaya-footwork-dealer-dark-navy.html,NEW
https://mentalshop.ru/skate/shkurka-mob-grip-tape-black.html,NEW
https://mentalshop.ru/vizzo.html,NEW
https://mentalshop.ru/aksessuary/shapka-footwork-high-grade-red.html,NEW
https://mentalshop.ru/aksessuary/shapka-footwork-street-limelight.html,NEW
https://mentalshop.ru/aksessuary/kepka-flexfit-6005ff-trucker-red.html,NEW
https://mentalshop.ru/skate/vinty/shajby-dlya-skejta-five-black.html,NEW
https://mentalshop.ru/skate/doski-deki/deka-footwork-progress-stripes-gold.html,NEW
https://mentalshop.ru/index.php?route=product/manufacturer/info&manufacturer_id=139,NEW
https://mentalshop.ru/aksessuary/shapka-footwork-street-glory-orange.html,NEW
https://mentalshop.ru/snow/snowboardbags/,NEW
https://mentalshop.ru/skate/,NEW
https://mentalshop.ru/mystery.html,NEW
https://mentalshop.ru/snow/snouskeyty/snouskejt-ambition-2022-pro-engerer.html,NEW
https://mentalshop.ru/aksessuary/sharf-footwork-hoop-black.html,NEW
https://mentalshop.ru/odezhda/futbolki/futbolka-eastcoast-shore-drop-tail-black.html,NEW
https://mentalshop.ru/creature_sk8.html,NEW
https://mentalshop.ru/skate/podveski/podveski-og-blackyellow-55.html,NEW
https://mentalshop.ru/skate/doski-deki/deka-mental-skateboards-kanadka-white.html,NEW
https://mentalshop.ru/skate/podveski/podveski-dlya-skejtborda-theeve-csx-steve-mcinnes-paws.html,NEW
https://mentalshop.ru/skate/chehol-dlya-skejtborda-bro-stuff-red-red-02.html,NEW
https://mentalshop.ru/odezhda/futbolka-antisocial-basic-white.html,NEW
https://mentalshop.ru/skate/vinty/vinty-dlya-skejta-independent-phillips-hardware-1-blackgold.html,NEW
https://mentalshop.ru/eastcoast.html,NEW
https://mentalshop.ru/skeiterskie-kedy/stelki/stelki-footprint-gamechangers-camo-dark-grey.html,NEW
https://mentalshop.ru/aksessuary/kepki/kepka-footwork-quadro-black.html,NEW
https://mentalshop.ru/skate/chehli/poyasnaya-sumka-chehol-footwork.html,NEW
https://mentalshop.ru/idependent.html,NEW
https://mentalshop.ru/rekvizity.html,NEW
https://mentalshop.ru/odezhda/kurtki-4/parka-zimnya-footwork-dealer-army-green.html,NEW
https://mentalshop.ru/skate/vinty/vinty-dlya-skejta-independent-phillips-hardware-15-black.html,NEW
https://mentalshop.ru/skate/podveski/komplekt-podvesok-footwork-black-raw.html,NEW
https://mentalshop.ru/skate/speed-rings-five.html,NEW
https://mentalshop.ru/odezhda/futbolki/futbolka-antisocial-classic-black.html,NEW
https://mentalshop.ru/odezhda/sweaters/svitshot-antisocial-bar-logo-heat-reactive-black.html,NEW
https://mentalshop.ru/skate/doski-deki/deka-footwork-progress-brontosaurus.html,NEW
https://mentalshop.ru/skeiterskie-kedy/stelki/stelki-footprint-kingfoam-orthotics-biebels-robot.html,NEW
https://mentalshop.ru/skate/deka-mental-skateboards-white-8125-2022.html,NEW
https://mentalshop.ru/snow/,NEW
https://mentalshop.ru/almost-skateboards.html,NEW
https://mentalshop.ru/skate/doski-deki/deka-footwork-progress-tushev-fisheye-yellowblack.html,NEW
https://mentalshop.ru/aksessuary/shapka-footwork-icon-oatmeal-heather.html,NEW
https://mentalshop.ru/how1.html,NEW
https://mentalshop.ru/aksessuary/ochki-eyelevel-glastonbury-red.html,NEW
https://mentalshop.ru/skate/doski-deki/deka-footwork-progress-tushev-hive-black.html,NEW
https://mentalshop.ru/aksessuary/shapka-footwork-triumph-light-gray-melange.html,NEW
https://mentalshop.ru/aksessuary/kepki/kepka-footwork-quadro-charcoal.html,NEW
https://mentalshop.ru/skate/doski-deki/deka-magamaev-script.html,NEW
https://mentalshop.ru/odezhda/futbolki/futbolka-antisocial-basic-black.html,NEW
https://mentalshop.ru/aksessuary/shapka-footwork-fisherman-l.html,NEW
https://mentalshop.ru/aksessuary/kepki/kepka-footwork-parrot-dad-cap-black.html,NEW
https://mentalshop.ru/skate/shkurka-pushca-red.html,NEW
https://mentalshop.ru/aksessuary/kepka-flexfit-6320-red.html,NEW
https://mentalshop.ru/skate/podveski/komplekt-podvesok-footwork-label-raw.html,NEW
https://mentalshop.ru/aksessuary/kepka-flexfit-6089m-classic-snapback-dark-grey.html,NEW
https://mentalshop.ru/aksessuary/kepka-flexfit-classic-snapback-blackred.html,NEW
https://mentalshop.ru/skate/mini-skateboard/skejtbord-v-sbore-detskij-footwork-skatebusters-mini.html,NEW
https://mentalshop.ru/aksessuary/kepki/kepka-flexfit-wooly-combed-gold.html,NEW
https://mentalshop.ru/skate/kolesa-footwork-fence-65mm-78a.html,NEW
https://mentalshop.ru/skate/doski-deki/deka-mental-skateboards-blue-8375.html,NEW
https://mentalshop.ru/skate/shkurka/shkurka-dipgrip-atomic-blue.html,NEW
https://mentalshop.ru/aksessuary/ochki-eyelevel-harley-clear.html,NEW
https://mentalshop.ru/skate/komplekt/skejtbord-v-sbore-footwork-waves-825.html,NEW
https://mentalshop.ru/jessup_the_original.html,NEW
https://mentalshop.ru/aksessuary/kepka-flexfit-6089mt-heather-black.html,NEW
https://mentalshop.ru/aksessuary/kepka-detskaya-flexfit-6245ptj-diamond-blue.html,NEW
https://mentalshop.ru/longboards-and-cruisers/shkurka-eastcoast-dlya-longborda-40h10.html,NEW
https://mentalshop.ru/skate/gajki-na-os-five-red.html,NEW
https://mentalshop.ru/skate/podveski-dlya-skejtborda-silver-m-class-pro-hollow-slayer.html,NEW
https://mentalshop.ru/skate/mini-skateboard/,NEW
https://mentalshop.ru/aksessuary/kepki/kepka-flexfit-wooly-combed-pepper-green.html,NEW
https://mentalshop.ru/los-raketos.html,NEW
https://mentalshop.ru/skate/shkurka/shkurka-footwork-pamela.html,NEW
https://mentalshop.ru/skate/shkurka-jessup-x-nike-infinity-environment.html,NEW
https://mentalshop.ru/skate/mini-skateboard/skejtbord-v-sbore-detskij-footwork-bear-kids-mid.html,NEW
https://mentalshop.ru/shake-junt.html,NEW
https://mentalshop.ru/skate/doski-deki/deka-footwork-progress-blur.html,NEW
https://mentalshop.ru/moon_shard_skate.html,NEW
https://mentalshop.ru/aksessuary/fingerbord-pars-komplekt-advanced-2.html,NEW
https://mentalshop.ru/skate/shkurka/shkurka-footwork-x-gocha.html,NEW
https://mentalshop.ru/podarochnye-sertifikaty/,NEW
https://mentalshop.ru/skate/vinty/nabor-dlya-skejta-five-big-sky-blue.html,NEW
https://mentalshop.ru/aksessuary/ochki-eyelevel-salisbury-blue.html,NEW
https://mentalshop.ru/aksessuary/muzhskie-aksessuary/beanie-shapka-les-ff-daily-heather.html,NEW
https://mentalshop.ru/skate/shkurka/shkurka-dipgrip-greens.html,NEW
https://mentalshop.ru/skate/doski-deki/deka-footwork-progress-bandana-purple.html,NEW
https://mentalshop.ru/windheads.html,NEW
https://mentalshop.ru/aksessuary/ochki-1/ochki-eyelevel-mason-grey.html,NEW
https://mentalshop.ru/skate/vinty/nabor-dlya-skejta-five-big-matte.html,NEW
https://mentalshop.ru/skate/podshipniki-dlya-skateborda/podshipniki-blurs-titanium-colorful.html,NEW
https://mentalshop.ru/aksessuary/kepka-flexfit-6089m-silver.html,NEW
https://mentalshop.ru/skate/chehli/chehol-start-dlya-kruizera-22.html,NEW
https://mentalshop.ru/skate/vinty/nabor-dlya-skejta-five-big-glossy-1.html,NEW
https://mentalshop.ru/skate/doski-deki/deka-footwork-2022-classic-logo.html,NEW
https://mentalshop.ru/skate/vinty/vinty-pacific-pcfc.html,NEW
https://mentalshop.ru/aksessuary/muzhskie-aksessuary/beanie-shapka-les-ff-pom-pon-navy.html,NEW
https://mentalshop.ru/skeiterskie-kedy/kedy/,NEW
https://mentalshop.ru/skate/wax/,NEW
https://mentalshop.ru/aksessuary/noski/noski-madsocks-black.html,NEW
https://mentalshop.ru/skate/chehli/chehol-dlya-skeytborda-transfer-pro-navy.html,NEW
https://mentalshop.ru/adidas-skateboarding.html,NEW
https://mentalshop.ru/aksessuary/ochki-detskie-eyelevel-peace-pink.html,NEW
https://mentalshop.ru/skate/podshipniki-dlya-skateborda/podshipniki-blurs-x-leon-karssen-ceramics.html,NEW
https://mentalshop.ru/skate/kolyosa/kolesa-blurs-eloise-dorr-classic-5253mm.html,NEW
https://mentalshop.ru/skate/chehol-dlya-skeyta-transfer-rookie-new-logo-navy.html,NEW
https://mentalshop.ru/skate/doski-deki/deka-footwork-carbon-tushev-fisheye-yellowblack.html,NEW
https://mentalshop.ru/skate/chehol-dlya-skeyta-transfer-rookie-new-logo-khaki.html,NEW
https://mentalshop.ru/aksessuary/kepka-flexfit-6533-ultrafibre-airmesh-dark-grey.html,NEW
https://mentalshop.ru/skate/doski-deki/deka-magamaev-red-blocks.html,NEW
https://mentalshop.ru/odezhda/kenguru/kenguru-antisocial-basic-black.html,NEW
https://mentalshop.ru/skate/podkladki-mini-logo-50.html,NEW
https://mentalshop.ru/skate/komplekt/ckejtbord-v-sbore-footwork-carp-8125-x-31625.html,NEW
https://mentalshop.ru/skate/skejtbord-m.html,NEW
https://mentalshop.ru/skate/vinty-dlya-skejta-footwork-shiny-purple.html,NEW
https://mentalshop.ru/skate/doski-deki/deka-footwork-2022-classic-i-f-sb.html,NEW
https://mentalshop.ru/skate/podshipniki-nomad-speedies-2019.html,NEW
https://mentalshop.ru/aksessuary/kepka-flexfit-6007-classic-snapback-red.html,NEW
https://mentalshop.ru/aksessuary/ochki-neff-brow-yellow.html,NEW
https://mentalshop.ru/skate/shkurka-pushca-turquoise.html,NEW
https://mentalshop.ru/%D1%84%D0%B8%D0%BD%D0%B3%D0%B5%D1%80%D0%B1%D0%BE%D1%80%D0%B4.html,NEW
https://mentalshop.ru/skate/doski-deki/deka-footwork-2022-progress-waves.html,NEW
https://mentalshop.ru/aksessuary/noski/noski-horsefeathers-jayden-tomato-red.html,NEW
https://mentalshop.ru/aksessuary/muzhskie-aksessuary/shapka-les-ff-hunter-heather-grey.html,NEW
https://mentalshop.ru/aksessuary/podveski-dlya-fingerborda-systeam-classic-pro-g.html,NEW
https://mentalshop.ru/longboards-and-cruisers/longboard-griptape/,NEW
https://mentalshop.ru/aksessuary/kepka-flexfit-6007t-black-teal.html,NEW
https://mentalshop.ru/longboards-and-cruisers/vinty-eastcoast-125.html,NEW
https://mentalshop.ru/aksessuary/ryukzak-dakine-urbn-mission-pack-22l-greyscale.html,NEW
https://mentalshop.ru/skate/zashita-dlya-skeitboarda/detskij-komplekt-zashity-los-raketos-lrc-003-green.html,NEW
https://mentalshop.ru/aksessuary/shapka-footwork-pom-pon-navy.html,NEW
https://mentalshop.ru/odezhda/sweaters/svitshot-antisocial-fingerprint-black.html,NEW
https://mentalshop.ru/skate/doski-deki/deka-footwork-2022-progress-t-rex.html,NEW
https://mentalshop.ru/skate/shkurka-dipgrip-check-salad-green.html,NEW
https://mentalshop.ru/odezhda/kenguru/kenguru-neff-goon-squad-wht.html,NEW
https://mentalshop.ru/skate/deka-family-skateboards-p.html,NEW
https://mentalshop.ru/skate/gajki-na-os-five-gold.html,NEW
https://mentalshop.ru/aksessuary/muzhskie-aksessuary/beanie-shapka-les-ff-pom-pon-royal.html,NEW
https://mentalshop.ru/aksessuary/shapka-footwork-champ-wheat.html,NEW
https://mentalshop.ru/odezhda/,NEW
https://mentalshop.ru/skate/shkurka/grip-gum-og.html,NEW
https://mentalshop.ru/skate/vinty-dlya-skejta-footwork-rasta.html,NEW
https://mentalshop.ru/aksessuary/kepka-flexfit-6089m-classic-snapback-black.html,NEW
https://mentalshop.ru/skate/deka-family-skateboards-s.html,NEW
https://mentalshop.ru/snow/snouskeyty/snouskejt-ambition-2022-pro-moreau.html,NEW
https://mentalshop.ru/skate/podshipniki-dlya-skateborda/podshipniki-blurs-abec-5.html,NEW
https://mentalshop.ru/skate/doski-deki/deka-footwork-progress-wolf-attack.html,NEW
https://mentalshop.ru/aksessuary/bels-remni/remen-horsefeathers-idol-belt-red.html,NEW
https://mentalshop.ru/aksessuary/fingerpark/fingerpark-pars-p-table-derevyannyj-krasnyj-verh.html,NEW
https://mentalshop.ru/skate/skejtbord-mental-skateboards-kanadka-tiffany-8375.html,NEW
https://mentalshop.ru/skate/vinty-footwork-classic.html,NEW
https://mentalshop.ru/footwork.html,NEW
https://mentalshop.ru/skate/podshipniki-footwork-abec-5.html,NEW
https://mentalshop.ru/skate/podveski/kingpin-footwork.html,NEW
https://mentalshop.ru/longboards-and-cruisers/longbord-eastcoast-surf-paradise-38-x-875.html,NEW
https://mentalshop.ru/skate/kluchi/klyuch-five-tools-yellow-ratchet.html,NEW
https://mentalshop.ru/aksessuary/ochki-eyelevel-boardwalk-tortoiseshell.html,NEW
https://mentalshop.ru/snow/muzhskoe/perchatkivarezhki/perchatki-footwork-ifingers.html,NEW
https://mentalshop.ru/aksessuary/fingerpark/fingerpark-pars-p-table-derevyannyj-sinij-verh.html,NEW
https://mentalshop.ru/skate/doski-deki/deka-footwork-progress-tushev-silver-foil.html,NEW
https://mentalshop.ru/skate/shkurka/,NEW
https://mentalshop.ru/longboards-and-cruisers/kolesa-dla-longboarda/,NEW
https://mentalshop.ru/skate/mini-skateboard/skejtbord-v-sbore-detskij-footwork-future-micro.html,NEW
https://mentalshop.ru/aksessuary/kepki/kepka-flexfit-110f-pro-formance-heather-grey.html,NEW
https://mentalshop.ru/skate/chehli/chehol-dlya-skejtborda-transfer-am-brown.html,NEW
https://mentalshop.ru/skate/komplekt/skejtbord-v-sbore-footwork-tushev-1000-8-x-315.html,NEW
https://mentalshop.ru/odezhda/svitshot-footwork-parrot.html,NEW
https://mentalshop.ru/skate/podveski/podveski-passenger-classic-raw.html,NEW
https://mentalshop.ru/ricta-wheels.html.html,NEW
https://mentalshop.ru/aksessuary/shapki-3/shapka-neff-varsity-white.html,NEW
https://mentalshop.ru/skate/podveski/podveski-dlya-skejtborda-theeve-csx-jason-parks-cat.html,NEW
https://mentalshop.ru/aksessuary/muzhskie-aksessuary/beanie-shapka-les-ff-pom-pon-black.html,NEW
https://mentalshop.ru/skate/komplekt/skejtbord-v-sbore-footwork-tushev-hive-gold-8-x-315.html,NEW
https://mentalshop.ru/skate/komplekt/skejtbord-v-sbore-footwork-bandana-purple-8-x-315.html,NEW
https://mentalshop.ru/aksessuary/shapka-footwork-fisherman-black.html,NEW
https://mentalshop.ru/step2fly.html.html,NEW
https://mentalshop.ru/skate/podveski/,NEW
https://mentalshop.ru/index.php?route=product/manufacturer/info&manufacturer_id=136,NEW
https://mentalshop.ru/aksessuary/sharf-footwork-hoop-dark-navy.html,NEW
https://mentalshop.ru/skeiterskie-kedy/stelki/stelki-footprint-kingfoam-orthotics-hero.html,NEW
https://mentalshop.ru/aksessuary/shapka-footwork-triumph-deep-teal.html,NEW
https://mentalshop.ru/skate/podshipniki-dlya-skateborda/podshipniki-dlya-skejtborda-bones-reds-big-balls.html,NEW
https://mentalshop.ru/skate/shkurka-pushca-orange.html,NEW
https://mentalshop.ru/happy-birth-day-minus-20-procentov.html,NEW
https://mentalshop.ru/snow/snowboards/snoubord-only-space-rush-155cm.html,NEW
https://mentalshop.ru/samovivoz.html,NEW
https://mentalshop.ru/aksessuary/kepka-footwork-heritage-black.html,NEW
https://mentalshop.ru/skate/podshipniki-family-team-abec-5.html,NEW
https://mentalshop.ru/skate/shkurka/shkurka-dipgrip-black-perforated.html,NEW
https://mentalshop.ru/odezhda/futbolka-antisocial-molotov-black.html,NEW
https://mentalshop.ru/skate/shkurka-jessup-x-nike-black.html,NEW
https://mentalshop.ru/skate/shlem-los-raketos-ataka-soft-black.html,NEW
https://mentalshop.ru/skate/vinty/nabor-dlya-skejta-five-big-new-glossy.html,NEW
https://mentalshop.ru/aksessuary/ochki-eyelevel-kelie-brown.html,NEW
https://mentalshop.ru/skate/chehol-dlya-skejtborda-footwork-deckbag-black-camo.html,NEW
https://mentalshop.ru/dakine.html,NEW
https://mentalshop.ru/fkd.html,NEW
https://mentalshop.ru/skate/novye-postupleniya-1/amortizatory-independent-conical-cushions-medium-hard-92a-bl.html,NEW
https://mentalshop.ru/index.php?route=product/manufacturer/info&manufacturer_id=99,NEW
https://mentalshop.ru/skate/skejt-konstruktor-raw.html,NEW
https://mentalshop.ru/skeiterskie-kedy/stelki/stelki-footprint-gamechangers-lite-camo-grey.html,NEW
https://mentalshop.ru/skate/chehli/chehol-start-dlya-kruizera-28.html,NEW
https://mentalshop.ru/aksessuary/bels-remni/remen-horsefeathers-idol-belt-black.html,NEW
https://mentalshop.ru/gold-wheels.html,NEW
https://mentalshop.ru/aksessuary/kepki/kepka-footwork-trademark-olive.html,NEW
https://mentalshop.ru/aksessuary/noski/noski-horsefeathers-delete-3pack-heather-gray.html,NEW
https://mentalshop.ru/skate/podveski/podveski-dlya-skejtborda-theeve-csx-steve-clover.html,NEW
https://mentalshop.ru/snow/snouskeyty/snouskejt-ambition-2022-pro-fisker.html,NEW
https://mentalshop.ru/aksessuary/noski/noski-mogzy-cherepa.html,NEW
https://mentalshop.ru/skate/shlem-los-raketos-bambino-green.html,NEW
https://mentalshop.ru/skate/amortizatory/podkladki-footwork-skateboards.html,NEW
https://mentalshop.ru/aksessuary/kepki/kepka-footwork-trademark-khaki.html,NEW
https://mentalshop.ru/skate/shkurka/shkurka-dipgrip-safety-yellow.html,NEW
https://mentalshop.ru/skate/doski-deki/deka-magamaev-opps-purple.html,NEW
https://mentalshop.ru/aksessuary/kepka-flexfit-5089m-navy.html,NEW
https://mentalshop.ru/skate/vinty/nabor-dlya-podvesok-independent-spare-parts-kit.html,NEW
https://mentalshop.ru/longboards-and-cruisers/podshipniki-dlya-longboarda/podshipniki-eastcoast-abec-9-gold.html,NEW
https://mentalshop.ru/skate/podshipniki-dlya-skateborda/podshipniki-blurs-x-leon-karssen-abec-7.html,NEW
https://mentalshop.ru/skate/kolyosa-bro.html,NEW
https://mentalshop.ru/skate/podveski-original-truck-co-black-gold.html,NEW
https://mentalshop.ru/odezhda/vetrovki-anoraki/,NEW
https://mentalshop.ru/podbor.html,NEW
https://mentalshop.ru/aksessuary/ochki-detskie-eyelevel-kidscamo-grey.html,NEW
https://mentalshop.ru/mental-shop.html,NEW
https://mentalshop.ru/aksessuary/bels-remni/,NEW
https://mentalshop.ru/skate/podveski/podveski-thunder-trucks-tm-onyx-matte-white.html,NEW
https://mentalshop.ru/longboards-and-cruisers/podshipniki-dlya-longboarda/,NEW
https://mentalshop.ru/aksessuary/kepka-transfer-jockey-cap-grey.html,NEW
https://mentalshop.ru/ambition.html,NEW
https://mentalshop.ru/aksessuary/kepki/,NEW
https://mentalshop.ru/girl-skateboarding.html,NEW
https://mentalshop.ru/aksessuary/other/brelok-stalnoj-f-man.html,NEW
https://mentalshop.ru/skate/kolyosa/kolesa-footwork-basic-classic-100a.html,NEW
https://mentalshop.ru/magamaev_skate.html,NEW
https://mentalshop.ru/skate/chehol-dlya-skeyta-transfer-rookie-new-logo-grey.html,NEW
https://mentalshop.ru/skate/doski-deki/deka-footwork-carbon-ion.html,NEW
https://mentalshop.ru/aksessuary/noski/noski-mogzy-dollar.html,NEW
https://mentalshop.ru/aksessuary/kepka-mentalshop-flexfit-6007-black-logo.html,NEW
https://mentalshop.ru/skate/kolyosa/kolesa-spitfire-f4-conical-5254mm-99d.html,NEW
https://mentalshop.ru/skate/doski-deki/deka-footwork-progress-t-rex.html,NEW
https://mentalshop.ru/skate/klyuch-dlya-skejtborda-s-plashkoj-universalnyj-footwork-cher.html,NEW
https://mentalshop.ru/enjoi.html,NEW
https://mentalshop.ru/skate/komplekt/skejtbord-v-sbore-almost-ivy-league-fp-multi-8125.html,NEW
https://mentalshop.ru/skate/lastik-magamaev.html,NEW
https://mentalshop.ru/skate/doski-deki/deka-all-time-tie-dye-black.html,NEW
https://mentalshop.ru/skate/podshipniki-dlya-skateborda/,NEW
https://mentalshop.ru/skate/podveski-original-trucks-co-blackwhite.html,NEW
https://mentalshop.ru/skate/deka-critically-endangered-status.html,NEW
https://mentalshop.ru/skate/shkurka/shkurka-dipgrip-clear.html,NEW
https://mentalshop.ru/skate/doski-deki/deka-footwork-progress-universe.html,NEW
https://mentalshop.ru/aksessuary/kepka-flexfit-6089m-classic-snapback-dark-navy.html,NEW
https://mentalshop.ru/aksessuary/kepka-detskaya-flexfit-6277y-orange.html,NEW
https://mentalshop.ru/skate/podveski/podveski-dlya-skejtborda-theeve-csx-will-gabourel-desert.html,NEW
https://mentalshop.ru/systeam-fingerboards.html,NEW
https://mentalshop.ru/snow/cap/,NEW
https://mentalshop.ru/skate/podveski/podveski-dlya-skejtborda-theeve-csx-blackblack.html,NEW
https://mentalshop.ru/aksessuary/muzhskie-aksessuary/shapka-les-ff-hunter-royal.html,NEW
https://mentalshop.ru/aksessuary/shapka-footwork-lucky-2-gray-heather.html,NEW
https://mentalshop.ru/skeiterskie-kedy/stelki/stelki-footprint-gamechangers-hoefler-hidetoshi-yamada.html,NEW
https://mentalshop.ru/lakai.html,NEW
https://mentalshop.ru/skate/shlem-los-raketos-bambino-neon-fuxia.html,NEW
https://mentalshop.ru/aksessuary/shapka-footwork-party-buckbrown.html,NEW
https://mentalshop.ru/aksessuary/fingerbord-pars-komplekt-basic-4-1.html,NEW
https://mentalshop.ru/skate/doski-deki/deka-footwork-2022-progress-sunset.html,NEW
https://mentalshop.ru/aksessuary/ochki-eyelevel-toni-brown.html,NEW
https://mentalshop.ru/skate/skejtbord-mental-skateboards-bl.html,NEW
https://mentalshop.ru/aksessuary/ochki-detskie-eyelevel-camo-blue.html,NEW
https://mentalshop.ru/skate/zashita-dlya-skeitboarda/,NEW
https://mentalshop.ru/namma.html,NEW
https://mentalshop.ru/skate/doski-deki/deka-footwork-progress-bear-attack.html,NEW
https://mentalshop.ru/blursbearings.html,NEW
https://mentalshop.ru/aksessuary/kepka-flexfit-6089mt-classic-snapback-dark-heatherred.html,NEW
https://mentalshop.ru/aksessuary/kepki/kepka-footwork-parrot-flat-brim-navy.html,NEW
https://mentalshop.ru/skate/chehol-dlya-skejtborda-bro-stuff-blue-grey-02.html,NEW
https://mentalshop.ru/aksessuary/kepki/kepka-footwork-parrot-flat-brim-black.html,NEW
https://mentalshop.ru/skate/vinty/vinty-s-instrumentom-independent-phillips-hardware-1-bluebla.html,NEW
https://mentalshop.ru/skeiterskie-kedy/klej-dlya-obuvi-shoe-goo-295ml-clear.html,NEW
https://mentalshop.ru/aksessuary/kepka-flexfit-5089m-royal.html,NEW
https://mentalshop.ru/skate/doski-deki/deka-footwork-progress-ak47.html,NEW
https://mentalshop.ru/skate/podveski/podveski-dlya-skejtborda-theeve-csx-hoffart-grillz.html,NEW
https://mentalshop.ru/aksessuary/kepki/kepka-footwork-footworld-black.html,NEW
https://mentalshop.ru/aksessuary/shapka-les-dude-cirenbelyylaguna.html,NEW
https://mentalshop.ru/skate/gajki-footwork-na-os-podveski.html,NEW
https://mentalshop.ru/aksessuary/kepka-flexfit-6007-classic-snapback-grey.html,NEW
https://mentalshop.ru/skate/podveski-dlya-skejtborda-silver-m-class-hollow-raw.html,NEW
https://mentalshop.ru/aksessuary/shapka-footwork-high-grade-red-blue.html,NEW
https://mentalshop.ru/aksessuary/kepka-flexfit-6005fw-no-foam-trucker-royalwhiteroyal.html,NEW
https://mentalshop.ru/skate/deka-footwork-2022-progress-tushev-1000-1.html,NEW
https://mentalshop.ru/skate/amortizatory/podkladki-independent-18.html,NEW
https://mentalshop.ru/aksessuary/kepki/kepka-footwork-sochi-black.html,NEW
https://mentalshop.ru/longboards-and-cruisers/cruisers/,NEW
https://mentalshop.ru/pushcagriptape.html,NEW
https://mentalshop.ru/aksessuary/muzhskie-aksessuary/beanie-shapka-les-ff-pom-pon-heather.html,NEW
https://mentalshop.ru/aksessuary/kepka-flexfit-6005ff-no-foam-trucker-royal.html,NEW
https://mentalshop.ru/aksessuary/kepki/kepka-footwork-quadro-navy.html,NEW
https://mentalshop.ru/aksessuary/shapka-footwork-high-grade-green-s.html,NEW
https://mentalshop.ru/skate/komplekt/skejtbord-v-sbore-footwork-fisheye-silver-foil-8125-x-31625.html,NEW
https://mentalshop.ru/skate/shkurka/shkurka-magamaev-all-black.html,NEW
https://mentalshop.ru/odezhda/pants-jeans/,NEW
https://mentalshop.ru/skate/shkurka/shkurka-dipgrip-camo-red.html,NEW
https://mentalshop.ru/skate/shkurka/lastik-mob-griptape-cleaner-gum.html,NEW
https://mentalshop.ru/skate/skejtbord-mental-skateboards-kanadka-white-825.html,NEW
https://mentalshop.ru/aksessuary/ochki-eyelevel-tallulah-black.html,NEW
https://mentalshop.ru/snow/face-mask/,NEW
https://mentalshop.ru/aksessuary/noski/noski-horsefeathers-delete-premium-3pack-black.html,NEW
https://mentalshop.ru/aksessuary/stikerbook-parazita-kusok-lipkie-bukvi.html,NEW
https://mentalshop.ru/aksessuary/ochki-detskie-eyelevel-melody-pink.html,NEW
https://mentalshop.ru/aksessuary/fingerbord-techdeck-finesse-1.html,NEW
https://mentalshop.ru/snow/snowboards/,NEW
https://mentalshop.ru/skate/komplekt/skejtbord-mental-skateboards-kanadka-tiffany-85-new.html,NEW
https://mentalshop.ru/aksessuary/kepki/kepka-footwork-vogue-khaki.html,NEW
https://mentalshop.ru/skate/podveski/podveski-pacific-pcfc.html,NEW
https://mentalshop.ru/aksessuary/muzhskie-aksessuary/shapka-les-ff-daily-red-1.html,NEW
https://mentalshop.ru/skate/novye-postupleniya-1/deka-mental-black-825-grip.html,NEW
https://mentalshop.ru/skate/independent-black-riser-14.html,NEW
https://mentalshop.ru/odezhda/vetrovki-anoraki/kurtka-dislabel-mesh-forest-green-hvoya.html,NEW
https://mentalshop.ru/longboards-and-cruisers/longboards/,NEW
https://mentalshop.ru/skeiterskie-kedy/stelki/stelki-footprint-kingfoam-flat-3mm-green-camo.html,NEW
https://mentalshop.ru/aksessuary/kepka-footwork-mainline-flexfit-black.html,NEW
https://mentalshop.ru/blind.html,NEW
https://mentalshop.ru/aksessuary/fingerboards/,NEW
https://mentalshop.ru/original-trucks-co.html,NEW
https://mentalshop.ru/shoegoo.html,NEW
https://mentalshop.ru/aksessuary/sumki-na-poyas/,NEW
https://mentalshop.ru/aksessuary/fingerpark/fingerpark-pars-stupeni-gran-i-rejl-kiker-verh-iz-chernoj-pl.html,NEW
https://mentalshop.ru/longboards-and-cruisers/komplekt-koles-eastcoast-shelby-pink.html,NEW
https://mentalshop.ru/skate/vinty-dlya-skejta-five-black-125.html,NEW
https://mentalshop.ru/odezhda/kurtki-4/,NEW
https://mentalshop.ru/skate/amortizatory/podkladki-independent-shock-pads.html,NEW
https://mentalshop.ru/aksessuary/kepki/kepka-footwork-vogue-navy.html,NEW
https://mentalshop.ru/longboards-and-cruisers/longbord-eastcoast-palms-40-x-10125.html,NEW
https://mentalshop.ru/skate/doski-deki/deka-footwork-2022-progress-tushev-hive-gold.html,NEW
https://mentalshop.ru/les.html,NEW
https://mentalshop.ru/skate/komplekt/skejtbord-v-sbore-footwork-ion-80-x-315.html,NEW
https://mentalshop.ru/skate/vinty-bro-stuff-rainbow-1.html,NEW
https://mentalshop.ru/skate/podshipniki-fkd-pro-bearings-josh-kalis-2019.html,NEW
https://mentalshop.ru/skate/vinty/vinty-dlya-skejta-independent-phillips-hardware-1-black.html,NEW
https://mentalshop.ru/aksessuary/muzhskie-aksessuary/beanie-shapka-les-ff-daily-brown.html,NEW
https://mentalshop.ru/aksessuary/ochki-eyelevel-mason-blue.html,NEW
https://mentalshop.ru/skate/shkurka/shkurka-pacific-kupyury.html,NEW
https://mentalshop.ru/skate/shkurka/shkurka-footwork-cresta.html,NEW
https://mentalshop.ru/skate/podveski/podveski-independent-stage-11-polished-silver.html,NEW
https://mentalshop.ru/skate/shkurka/shkurka-footwork-fairlady.html,NEW
https://mentalshop.ru/skate/komplekt/skejtbord-v-sbore-footwork-fruits-8-x-315.html,NEW
https://mentalshop.ru/skate/deka-critically-endangered-whale.html,NEW
https://mentalshop.ru/pars.html,NEW
https://mentalshop.ru/skate/shkurka-dlya-skeita-pushca-griptape-green.html,NEW
https://mentalshop.ru/index.php?route=product/category&path=52_222,NEW
https://mentalshop.ru/skeiterskie-kedy/stelki/stelki-footprint-kingfoam-orthotics-camo-blue.html,NEW
https://mentalshop.ru/skate/shlem-los-raketos-ataka-matt-black.html,NEW
https://mentalshop.ru/aksessuary/ochki-eyelevel-boardwalk-black.html,NEW
https://mentalshop.ru/skate/shkurka/shkurka-dipgrip-purple.html,NEW
https://mentalshop.ru/aksessuary/ochki-eyelevel-nashville-black-blue.html,NEW
https://mentalshop.ru/aksessuary/kepka-detskaya-flexfit-6245cmj-pink.html,NEW
https://mentalshop.ru/skate/klyuch-bro-stuff-t-obraznyj-fioletovyj.html,NEW
https://mentalshop.ru/skate/kluchi/klyuch-dlya-skejta-pacific.html,NEW
https://mentalshop.ru/skate/podshipniki-footwork-abec-7.html,NEW
https://mentalshop.ru/aksessuary/shapka-footwork-pom-pon-black.html,NEW
https://mentalshop.ru/skate/shkurka-dipgrip-anaconda.html,NEW
https://mentalshop.ru/skate/sale-8/,NEW
https://mentalshop.ru/skate/podveski/podveski-dlya-skejtborda-theeve-csx-martin-trader.html,NEW
https://mentalshop.ru/longboards-and-cruisers/komplekt-koles-eastcoast-shelby-smokey-70-h-52-mm.html,NEW
https://mentalshop.ru/odezhda/kurtki-4/parka-zimnyaya-footwork-amut-parka-toffee.html,NEW
https://mentalshop.ru/skate/doski-deki/deka-footwork-progress-waves.html,NEW
https://mentalshop.ru/skeiterskie-kedy/stelki/stelki-footprint-kingfoam-orthotics-biebels-1.html,NEW
https://mentalshop.ru/aksessuary/rykzak-transfer-stealth-white-black.html,NEW
https://mentalshop.ru/skate/komplekt-zashity-los-raketos-combi-lrk-006-red-black.html,NEW
https://mentalshop.ru/skate/vinty/vinty-dlya-skejta-five-gold-1.html,NEW
https://mentalshop.ru/skate/doski-deki/deka-footwork-progress-m16.html,NEW
https://mentalshop.ru/skate/podshipniki-dlya-skateborda/podshipniki-independent-gp-r.html,NEW
https://mentalshop.ru/skate/kolesa-footwork-check-65mm-78a.html,NEW
https://mentalshop.ru/aksessuary/noski/noski-mogzy-tupicca.html,NEW
https://mentalshop.ru/skate/kolesa-footwork-swirl-mint-52-52-mm-101a.html,NEW
https://mentalshop.ru/skate/sumka-chehol-transfer.html,NEW
https://mentalshop.ru/snow/snouskeyty/snouskejt-ambition-jib-series-white-snowskate-2022.html,NEW
https://mentalshop.ru/skate/podshipniki-fkd-black-lights-brandon-biebel-abec-7-1.html,NEW
https://mentalshop.ru/skate/kolyosa/kolesa-pacific-ufo-53mm.html,NEW
https://mentalshop.ru/skate/shkurka/shkurka-dipgrip-camo-pinkblack.html,NEW
https://mentalshop.ru/aksessuary/muzhskie-aksessuary/beanie-shapka-les-ff-pom-pon-red.html,NEW
https://mentalshop.ru/aksessuary/kepka-flexfit-6007-classic-snapback-dark-grey.html,NEW
https://mentalshop.ru/skate/podveski-dlya-skejtborda-silver-m-class-hollow-black-raw.html,NEW
https://mentalshop.ru/longboards-and-cruisers/longbord-eastcoast-surf-siberia-41875-x-9875.html,NEW
https://mentalshop.ru/skate/doski-deki/deka-footwork-2022-progress-pamela.html,NEW
https://mentalshop.ru/skate/komplekt/skejtbord-v-sbore-footwork-rose-8-x-315.html,NEW
https://mentalshop.ru/aksessuary/shapka-footwork-street-dark-denim-1.html,NEW
https://mentalshop.ru/odezhda/kurtki-4/parka-zimnyaya-footwork-amut-parka-olive-night.html,NEW
https://mentalshop.ru/oplata-po-chastyam.html,NEW
https://mentalshop.ru/skate/podveski/podveski-pacific-pushka.html,NEW
https://mentalshop.ru/skate/doski-deki/deka-all-time-classic-boner-boy-blue.html,NEW
https://mentalshop.ru/aksessuary/noski/,NEW
https://mentalshop.ru/skate/doski-deki/deka-footwork-2022-progress-flora-pink.html,NEW
https://mentalshop.ru/skate/vinty-dlya-skejta-five-glossy-1-new-1.html,NEW
https://mentalshop.ru/aksessuary/fingerbord-pars-komplekt-advanced-5.html,NEW
https://mentalshop.ru/spitfire_wheels.html,NEW
https://mentalshop.ru/skate/komplekt/skejtbord-mental-skateboards-black-825.html,NEW
https://mentalshop.ru/skate/doski-deki/deka-footwork-progress-rich-room.html,NEW
https://mentalshop.ru/skate/shkurka/shkurka-dipgrip-check-black.html,NEW
https://mentalshop.ru/skate/podveski-original-truck-co-rawraw.html,NEW
https://mentalshop.ru/aksessuary/sharf-footwork-hoop-grey.html,NEW
https://mentalshop.ru/skate/podshipniki-fkd-black-lights-felipe-gustavo-abec-7-1.html,NEW
https://mentalshop.ru/aksessuary/kepki/kepka-footwork-fooji-camo.html,NEW
https://mentalshop.ru/aksessuary/shapka-footwork-fisherman-red-1.html,NEW
https://mentalshop.ru/skate/chehol-dlya-skateboarda-transfer-x-mentalshop.html,NEW
https://mentalshop.ru/skate/shkurka/shkurka-magamaev-trg.html,NEW
https://mentalshop.ru/snow/varezhki-snoubordicheskie-detskie-neff-over-grey.html,NEW
https://mentalshop.ru/skate/podveski/podveski-dlya-skejtborda-theeve-csx-moose-ying-yang-dragon.html,NEW
https://mentalshop.ru/pacific-saintp.html,NEW
https://mentalshop.ru/skate/bolts-vinti-shakejunt-phillps-1.html,NEW
https://mentalshop.ru/skate/doski-deki/deka-footwork-progress-stripes-white.html,NEW
https://mentalshop.ru/skate/podveski-dlya-skejtborda-silver-m-class-hollow-raw-blue.html,NEW
https://mentalshop.ru/index.php?route=product/manufacturer/info&manufacturer_id=151,NEW
https://mentalshop.ru/skeiterskie-kedy/stelki/stelki-footprint-gamechangers-paul-hart-conspirancy.html,NEW
https://mentalshop.ru/aksessuary/kepka-flexfit-6005fw-trucker-redwhitered.html,NEW
https://mentalshop.ru/skate/chehli/chehol-start-dlya-kruizera.html,NEW
https://mentalshop.ru/skate/kolyosa/kolesa-footwork-basic-round-100a.html,NEW
https://mentalshop.ru/skate/doski-deki/deka-footwork-progress-owl-attack.html,NEW
https://mentalshop.ru/skeiterskie-kedy/stelki/,NEW
https://mentalshop.ru/odezhda/kurtki-4/parka-zimnyaya-amut-black.html,NEW
https://mentalshop.ru/aksessuary/ryukzaki-2/ryukzak-dakine-urbn-mission-pack-22l-dark-olive-dobby.html,NEW
https://mentalshop.ru/aksessuary/ochki-eyelevel-charlotte-black.html,NEW
https://mentalshop.ru/podarochnye-sertifikaty/podarochnyj-sertifikat.html,NEW
https://mentalshop.ru/dostavka.html,NEW
https://mentalshop.ru/skate/podveski/podveski-dlya-skejtborda-theeve-csx-jake-duncombe-ibis.html,NEW
https://mentalshop.ru/aksessuary/ryukzak-dakine-urbn-mission-pack-22l-ashcroft-camo.html,NEW
https://mentalshop.ru/skate/podveski/podveski-dlya-skejtborda-theeve-csx-jesus-munoz-prayer.html,NEW
https://mentalshop.ru/flexfit.html,NEW
https://mentalshop.ru/skate/kluchi/klyuch-dlya-skejtborda-og.html,NEW
https://mentalshop.ru/skate/shkurka-dipgrip-floral-one.html,NEW
https://mentalshop.ru/skate/vinty/vinty-dlya-skejta-independent-phillips-hardware-1-blacksilve.html,NEW
https://mentalshop.ru/aksessuary/noski/noski-mogzy-pivo.html,NEW
https://mentalshop.ru/aksessuary/aromatizator-avtomobilnyj-mentalshop-bubble.html,NEW
https://mentalshop.ru/skate/podshipniki-dlya-skateborda/podshipniki-independent-gp-b.html,NEW
https://mentalshop.ru/skate/vinty-dlya-skejta-footwork-shiny-red.html,NEW
https://mentalshop.ru/skate/deka-critically-endangered-leo.html,NEW
https://mentalshop.ru/skate/shkurka/shkurka-pacific-pacifik-gang.html,NEW
https://mentalshop.ru/skate/chehol-dlya-skeytborda-transfer-pro-grey.html,NEW
https://mentalshop.ru/aksessuary/fingerpark/fingerpark-pars-stupeni-df-gran-i-rejl-kiker.html,NEW
https://mentalshop.ru/skate/detskij-komplekt-zashity-los-raketos-lrk.html,NEW
https://mentalshop.ru/aksessuary/ochki-detskie-eyelevel-melody-purple.html,NEW
https://mentalshop.ru/skate/podshipniki-fkd-swiss-black.html,NEW
https://mentalshop.ru/index.php?route=product/manufacturer/info&manufacturer_id=119,NEW
https://mentalshop.ru/fivehardware.html,NEW
https://mentalshop.ru/skate/shkurka/shkurka-footwork-die-cut-black.html,NEW
https://mentalshop.ru/odezhda/sweaters/,NEW
https://mentalshop.ru/aksessuary/shapki-3/shapka-transfer-ff-fold-dark-grey.html,NEW
https://mentalshop.ru/aksessuary/noski/noski-horsefeathers-jayden-heather-gray.html,NEW
https://mentalshop.ru/only_snowboards.html,NEW
https://mentalshop.ru/skate/komplekt/skejtbord-v-sbore-footwork-fisheye-blackyellow-8125-x-31625.html,NEW
https://mentalshop.ru/aksessuary/kepka-flexfit-classic-snapback-navyred-1.html,NEW
https://mentalshop.ru/passenger.html,NEW
https://mentalshop.ru/aksessuary/shapka-footwork-pom-pon-light-gray-melange.html,NEW
https://mentalshop.ru/aksessuary/fingerpark/fingerpark-pars-stadium-double-bench-derevyannyj-verh.html,NEW
https://mentalshop.ru/skate/klyuch-dlya-skejtborda-universalnyj-footwork-belyj.html,NEW
https://mentalshop.ru/skate/deka-family-skateboards-karma.html,NEW
https://mentalshop.ru/aksessuary/fingerboards/fingerbord-tech-deck-sk8shop-bonus-pack-dgk.html,NEW
https://mentalshop.ru/skate/podveski/podveski-pacific-smile.html,NEW
https://mentalshop.ru/aksessuary/ochki-eyelevel-kylie-black.html,NEW
https://mentalshop.ru/skate/amortizatory/podkladki-independent-18-white.html,NEW
https://mentalshop.ru/aksessuary/stikerboks-parazita-kusok-by-syndrome.html,NEW
https://mentalshop.ru/aksessuary/muzhskie-aksessuary/beanie-shapka-les-ff-daily-charcoal.html,NEW
https://mentalshop.ru/aksessuary/shapka-footwork-fisherman-glory-orange.html,NEW
https://mentalshop.ru/skate/shkurka/shkurka-dipgrip-stripes.html,NEW
https://mentalshop.ru/skate/kolyosa/kolyosa-family-lines-52mm.html,NEW
https://mentalshop.ru/snow/snouskeyty/snouskejt-ambition-2022-pro-alworden.html,NEW
https://mentalshop.ru/footprint.html,NEW
https://mentalshop.ru/hard-luck.html,NEW
https://mentalshop.ru/skate/komplekt/skejtbord-v-sbore-footwork-tushev-hive-black-8-x-315.html,NEW
https://mentalshop.ru/skate/shkurka/shkurka-magamaev-logo-green.html,NEW
https://mentalshop.ru/aksessuary/shapki-3/shapka-neff-radical-black.html,NEW
https://mentalshop.ru/aksessuary/nakleyki-stikeri/,NEW
https://mentalshop.ru/aksessuary/sharf-les-chernyy-fleece-gater.html,NEW
https://mentalshop.ru/odezhda/svitshot-dislabel-reflektivnaya-polosa-chernyj.html,NEW
https://mentalshop.ru/skate/shkurka/shkurka-magamaev-artists-pack.html,NEW
https://mentalshop.ru/skate/doski-deki/deka-footwork-progress-rock-room.html,NEW
https://mentalshop.ru/odezhda/vetrovki-anoraki/kurtka-dislabel-mesh-chorniy.html,NEW
https://mentalshop.ru/longboards-and-cruisers/,NEW
https://mentalshop.ru/pig.html,NEW
https://mentalshop.ru/aksessuary/shapka-footwork-lucky-2-black.html,NEW
https://mentalshop.ru/aksessuary/kepka-detskaya-flexfit-6277y-pink.html,NEW
https://mentalshop.ru/skate/podshipniki-dlya-skateborda/podshipniki-og-abec-7.html,NEW
https://mentalshop.ru/skate/shkurka/shkurka-dipgrip-tie-dye-2.html,NEW
https://mentalshop.ru/skate/pivot-cups-five.html,NEW
https://mentalshop.ru/politika.html,NEW
https://mentalshop.ru/skate/doski-deki/deka-passenger-ostanovka.html,NEW
https://mentalshop.ru/snow/muzhskoe/shtany/,NEW
https://mentalshop.ru/skate/kolyosa/kolesa-solid-speed-wheel-53-mm-conical.html,NEW
https://mentalshop.ru/snow/muzhskoe/perchatkivarezhki/perchatki-footwork-ifingers-2020-grey.html,NEW
https://mentalshop.ru/aksessuary/kepka-flexfit-6005fw-no-foam-trucker-navywhitenavy.html,NEW
https://mentalshop.ru/aksessuary/kepka-flexfit-6005-black-white-red.html,NEW
https://mentalshop.ru/skate/podveski/podveski-dlya-skejtborda-theeve-tiax-v3-rawraw.html,NEW
https://mentalshop.ru/skeiterskie-kedy/stelki/stelki-footprint-kingfoam-flat-5mm-stripes.html,NEW
https://mentalshop.ru/skate/shkurka/shkurka-footwork-cindy.html,NEW
https://mentalshop.ru/aksessuary/ochki-eyelevel-libbie-rose.html,NEW
https://mentalshop.ru/skate/shkurka/shkurka-dipgrip-red.html,NEW
https://mentalshop.ru/aksessuary/sharfy-1/,NEW
https://mentalshop.ru/aksessuary/shapka-footwork-fisherman-glory-gray-heather.html,NEW
https://mentalshop.ru/tablica.html,NEW
https://mentalshop.ru/aksessuary/kepka-flexfit-6005fw-no-foam-trucker-blackwhitered.html,NEW
https://mentalshop.ru/skate/shkurka/shkurka-pacific-panelka.html,NEW
https://mentalshop.ru/skate/chehol-dlya-skeyta-transfer-rookie-new-logo-brown.html,NEW
https://mentalshop.ru/skate/kolyosa/kolyosa-family-logo-56mm.html,NEW
https://mentalshop.ru/aksessuary/shapka-footwork-fold-white.html,NEW
https://mentalshop.ru/dislabel.html,NEW
https://mentalshop.ru/cliche.html,NEW
https://mentalshop.ru/aksessuary/ryukzaki-2/,NEW
https://mentalshop.ru/skeiterskie-kedy/stelki/stelki-footprint-gamechangers-colours-collectiv-camo.html,NEW
https://mentalshop.ru/skate/podveski/podveski-dlya-skejtborda-theeve-csx-redblack.html,NEW
https://mentalshop.ru/skate/podveski/komplekt-podvesok-footwork-label-black.html,NEW
https://mentalshop.ru/skate/podveski/podveski-dlya-skejtborda-theeve-csx-jake-duncombe-breakfast.html,NEW
https://mentalshop.ru/aksessuary/kepki/kepka-footwork-icon-maroon.html,NEW
https://mentalshop.ru/aksessuary/ochki-eyelevel-glastonbury-purple.html,NEW
https://mentalshop.ru/skate/podveski-original-truck-co-blackgold.html,NEW
https://mentalshop.ru/skate/amortizatory/,NEW
https://mentalshop.ru/skate/board-rails/board-rail-pig-black.html,NEW
https://mentalshop.ru/skate/podveski/podveski-dlya-skejtborda-theeve-csx-blueblack.html,NEW
https://mentalshop.ru/skate/vosk-skate-footwork-wax.html,NEW
https://mentalshop.ru/aksessuary/muzhskie-aksessuary/beanie-shapka-les-ff-daily-navy.html,NEW
https://mentalshop.ru/aksessuary/shapka-footwork-party-peony.html,NEW
https://mentalshop.ru/skate/shkurka/shkurka-footwork-vx1000.html,NEW
https://mentalshop.ru/aksessuary/shapka-footwork-icon-burgundy-1.html,NEW
https://mentalshop.ru/nashi-preimushestva.html,NEW
https://mentalshop.ru/pressa-o-nas.html,NEW
https://mentalshop.ru/skate/shkurka/shkurka-passenger-x-kras-cult.html,NEW
https://mentalshop.ru/skate/zashita-dlya-skeitboarda/detskij-komplekt-zashity-los-raketos-lrc-003-pink.html,NEW
https://mentalshop.ru/bro-stuff.html,NEW
https://mentalshop.ru/aksessuary/muzhskie-aksessuary/beanie-shapka-les-ff-daily-spruce.html,NEW
https://mentalshop.ru/skate/podveski/baza-dlya-podvesok-independent-ikp-baseplate-set.html,NEW
https://mentalshop.ru/skate/podveski/podveski-dlya-skejtborda-theeve-csx-whiteblack.html,NEW
https://mentalshop.ru/odezhda/futbolki/futbolka-antisocial-basic-grey-melange.html,NEW
https://mentalshop.ru/skate/kolyosa/kolesa-spitfire-f4-delfino-classic-55mm-99d.html,NEW
https://mentalshop.ru/skate/doski-deki/deka-footwork-2022-progress-booty.html,NEW
https://mentalshop.ru/aksessuary/muzhskie-aksessuary/shapka-les-ff-hunter-dark-grey.html,NEW
https://mentalshop.ru/bones_wheels.html,NEW
https://mentalshop.ru/skate/doski-deki/deka-footwork-progress-tushev-hive-gold.html,NEW
https://mentalshop.ru/turbo_fingerboard.html,NEW
https://mentalshop.ru/skate/vinty/vinty-dlya-skejta-independent-phillips-hardware-1-blackred.html,NEW
https://mentalshop.ru/aksessuary/,NEW
https://mentalshop.ru/aksessuary/ochki-eyelevel-passion-blue.html,NEW
https://mentalshop.ru/skate/shkurka/shkurka-dipgrip-butterfly.html,NEW
https://mentalshop.ru/aksessuary/kepka-transfer-classic-snapback-silver.html,NEW
https://mentalshop.ru/aksessuary/kepki/kepka-flexfit-6277-wooly-combed-brown.html,NEW
https://mentalshop.ru/aksessuary/kepka-deskaya-flexfit-6245ptj-yellow.html,NEW
https://mentalshop.ru/skate/doski-deki/deka-footwork-progress-pamela.html,NEW
https://mentalshop.ru/aksessuary/shapka-footwork-fold-grey-heather.html,NEW
https://mentalshop.ru/skate/vinty/vinty-dlya-skejta-five-black.html,NEW
https://mentalshop.ru/skate/chehol-dlya-skejtborda-bro-01.html,NEW
https://mentalshop.ru/aksessuary/ochki-1/,NEW
https://mentalshop.ru/skate/klyuch-dlya-skejtborda-universalnyj-footwork-chernyj.html,NEW
https://mentalshop.ru/skate/doski-deki/deka-footwork-2022-progress-raptors.html,NEW
https://mentalshop.ru/aksessuary/fingerbord-pars-komplekt-pro-1-1.html,NEW
https://mentalshop.ru/skate/doski-deki/deka-footwork-progress-booty.html,NEW
https://mentalshop.ru/skate/kolyosa/kolesa-footwork-filthy-black-53mm-85a.html,NEW
https://mentalshop.ru/skate/kluchi/klyuch-silver-premium-white.html,NEW
https://mentalshop.ru/aksessuary/shapka-footwork-street-grey-heather.html,NEW
https://mentalshop.ru/skate/gajki-na-king-pin-five-black.html,NEW
https://mentalshop.ru/aksessuary/rykzak-transfer-stealth-full-black.html,NEW
https://mentalshop.ru/skate/shkurka/shkurka-magamaev-cubes.html,NEW
https://mentalshop.ru/dgkallday.html,NEW
https://mentalshop.ru/skate/kluchi/,NEW
https://mentalshop.ru/snow/snouskeyty/shkurka-dlya-snouskejta-ambition-tundra-gip-pack.html,NEW
https://mentalshop.ru/skate/podveski/podveski-pacific-saint-p.html,NEW
https://mentalshop.ru/skate/doski-deki/deka-all-time-tie-dye-yellow.html,NEW
https://mentalshop.ru/skate/doski-deki/deka-footwork-carbon-wolf-attack.html,NEW
https://mentalshop.ru/oj_wheels.html,NEW
https://mentalshop.ru/odezhda/kurtki-4/parka-zimnyaya-footwork-amut-parka-midnight.html,NEW
https://mentalshop.ru/skate/chehol-dlya-skeyta-transfer-rookie-new-logo-orange.html,NEW
https://mentalshop.ru/aksessuary/other/,NEW
https://mentalshop.ru/skate/deka-family-skateboards-h.html,NEW
https://mentalshop.ru/aksessuary/shapka-footwork-street-burgundy.html,NEW
https://mentalshop.ru/theeve_trucks.html,NEW
https://mentalshop.ru/skate/vinty-dlya-skejta-footwork-golden-tooth.html,NEW
https://mentalshop.ru/aksessuary/shapka-footwork-lucky-black.html,NEW
https://mentalshop.ru/skeiterskie-kedy/kedy-slackers-rat-greywhite.html,NEW
https://mentalshop.ru/aksessuary/shapka-footwork-fold-gold.html,NEW
https://mentalshop.ru/skate/klyuch-silver-premium-gold-raw.html,NEW
https://mentalshop.ru/longboards-and-cruisers/chehli-dla-longboarda/,NEW
https://mentalshop.ru/aksessuary/muzhskie-aksessuary/beanie-shapka-les-ff-pom-pon-spruce.html,NEW
https://mentalshop.ru/aksessuary/kepka-flexfit-6005ff-trucker-white.html,NEW
https://mentalshop.ru/aksessuary/kepki/kepka-footwork-fooji-white.html,NEW
https://mentalshop.ru/skate/chehol-dlya-skejtborda-footwork-deckbag-rasta.html,NEW
https://mentalshop.ru/skate/komplekt/skejtbord-v-sbore-footwork-progress-rings-80.html,NEW
https://mentalshop.ru/skate/shkurka/shkurka-magamaev-logo-orange.html,NEW
https://mentalshop.ru/skate/shkurka-pushca-white.html,NEW
https://mentalshop.ru/aksessuary/kepki/kepka-footwork-fooji-loden.html,NEW
https://mentalshop.ru/aksessuary/sharf-footwork-hoop-teal.html,NEW
https://mentalshop.ru/skeiterskie-kedy/klej-dlya-obuvi-shoe-goo-1094ml-clear.html,NEW
https://mentalshop.ru/skate/shkurka-jessup-u.html,NEW
https://mentalshop.ru/skate/kluchi/klyuch-five-tools-black-ratchet.html,NEW
https://mentalshop.ru/aksessuary/shapki-3/beanie-shapka-les-ff-fold-kelly.html,NEW
https://mentalshop.ru/aksessuary/fingerbord-pars-komplekt-advanced-3.html,NEW
https://mentalshop.ru/skate/doski-deki/deka-footwork-2022-progress-flora-tiffany.html,NEW
https://mentalshop.ru/skate/kolyosa/kolyosa-family-ka-me-ne-54mm.html,NEW
https://mentalshop.ru/aksessuary/ochki-eyelevel-spencer-black.html,NEW
https://mentalshop.ru/aksessuary/kepka-detskaya-flexfit-6308j-spruce.html,NEW
https://mentalshop.ru/aksessuary/remen-osiris-punch-chocolate.html,NEW
https://mentalshop.ru/longboards-and-cruisers/vinty-eastcoast-2.html,NEW
https://mentalshop.ru/skate/podshipniki-nomad-speedies-2.html,NEW
https://mentalshop.ru/skeiterskie-kedy/stelki/stelki-footprint-kingfoam-orthotics-kevin-romar.html,NEW
https://mentalshop.ru/all-time-skateboards.html,NEW
https://mentalshop.ru/skate/kolyosa/kolesa-pacific-pcfc-53mm.html,NEW
https://mentalshop.ru/longboards-and-cruisers/chehol-dlya-longborda-transfer-sunset-blackblack.html,NEW
https://mentalshop.ru/skate/skejtbord-mental-skateboards-kanadka-white-8125.html,NEW
https://mentalshop.ru/skate/detskij-komplekt-zashity-los-raketos-lrs-001-pink.html,NEW
https://mentalshop.ru/skate/shlem-los-raketos-ataka-soft.html,NEW
https://mentalshop.ru/aksessuary/shapka-footwork-champ-red-white-melange.html,NEW
https://mentalshop.ru/skate/shkurka/shkurka-dipgrip-floral-two.html,NEW
https://mentalshop.ru/odezhda/futbolki/futbolka-antisocial-camera-logo-black.html,NEW
https://mentalshop.ru/skate/nabor-dlya-skejta-five-big-black-125.html,NEW
https://mentalshop.ru/aksessuary/kepka-flexfit-5089m-red.html,NEW
https://mentalshop.ru/longboards-and-cruisers/podkladki-eastcoast-klinovidnie-1-2-1-4-mm.html,NEW
https://mentalshop.ru/skeiterskie-kedy/stelki/stelki-footprint-kingfoam-orthotics-daniel-espinoza.html,NEW
https://mentalshop.ru/aksessuary/noski/noski-mogzy-fuck-black.html,NEW
https://mentalshop.ru/skate/vinty-dlya-skejta-five-bronze-1.html,NEW
https://mentalshop.ru/skate/shkurka/shkurka-dipgrip-orange.html,NEW
https://mentalshop.ru/skate/podshipniki-fkd-black-lights-dave-bachinsky-abec-7-2019.html,NEW
https://mentalshop.ru/aksessuary/fingerpark/fingerpark-pars-malaya-piramida-s-rejlom.html,NEW
https://mentalshop.ru/skeiterskie-kedy/shoe_goo/,NEW
https://mentalshop.ru/aksessuary/kepki/kepka-footwork-sochi-khaki.html,NEW
